Country Name,Country Code,Indicator Name,Indicator Code,1960,1961,1962,1963,1964,1965,1966,1967,1968,1969,1970,1971,1972,1973,1974,1975,1976,1977,1978,1979,1980,1981,1982,1983,1984,1985,1986,1987,1988,1989,1990,1991,1992,1993,1994,1995,1996,1997,1998,1999,2000,2001,2002,2003,2004,2005,2006,2007,2008,2009,2010,2011,2012,2013,2014,2015,2016,2017,2018,2019,2020
Aruba,ABW,"International tourism, number of arrivals",ST.INT.ARVL,,,,,,,,,,,,,,,,,,,,,,,,,,,,,,,,,,,,912000,957000,947000,906000,972000,1211000,1178000,1225000,1184000,1304000,1286000,1285000,1254000,1383000,1420000,1394000,1469000,1481000,1667000,1739000,1832000,1758000,1863000,1897000,1951000,
Afghanistan,AFG,"International tourism, number of arrivals",ST.INT.ARVL,,,,,,,,,,,,,,,,,,,,,,,,,,,,,,,,,,,,,,,,,,,,,,,,,,,,,,,,,,,,,
Angola,AGO,"International tourism, number of arrivals",ST.INT.ARVL,,,,,,,,,,,,,,,,,,,,,,,,,,,,,,,,,,,,9000,21000,45000,52000,45000,51000,67000,91000,107000,194000,210000,121000,195000,294000,366000,425000,481000,528000,650000,595000,592000,397000,261000,218000,218000,
Albania,ALB,"International tourism, number of arrivals",ST.INT.ARVL,,,,,,,,,,,,,,,,,,,,,,,,,,,,,,,,,,,,304000,287000,119000,184000,371000,317000,354000,470000,557000,645000,748000,937000,1127000,1420000,1856000,2417000,2932000,3514000,3256000,3673000,4131000,4736000,5118000,5927000,6406000,
Andorra,AND,"International tourism, number of arrivals",ST.INT.ARVL,,,,,,,,,,,,,,,,,,,,,,,,,,,,,,,,,,,,,,,,9422000,10991000,11351000,11507000,11601000,11668000,11049000,10737000,10743000,10194000,9112000,8551000,7983000,7900000,7676000,7797000,7850000,8025000,8152000,8328000,8235000,
Arab World,ARB,"International tourism, number of arrivals",ST.INT.ARVL,,,,,,,,,,,,,,,,,,,,,,,,,,,,,,,,,,,,30238040.81,30557179.06,31691821.51,33564164.75,37847470.51,41402657.74,42608150.07,48672412.96,51600193.07,61688395.54,63984193.87,68925097.69,76481380.4,89066524.24,87860274.56,100534799.2,84657021.52,94573456.57,94519121.56,100719164.9,96757390.61,94989926.05,101336098.2,109134074.9,116080347.5,
United Arab Emirates,ARE,"International tourism, number of arrivals",ST.INT.ARVL,,,,,,,,,,,,,,,,,,,,,,,,,,,,,,,,,,,,2315000,2572000,2476000,2991000,3393000,3907000,4134000,5445000,5871000,6195000,7126000,,,,,,,,,16232000,17472000,18967000,20394000,21286000,21553000,
Argentina,ARG,"International tourism, number of arrivals",ST.INT.ARVL,,,,,,,,,,,,,,,,,,,,,,,,,,,,,,,,,,,,2289000,2614000,2764000,3012000,2898000,2909000,2620000,2820000,2995000,3457000,3823000,4173000,4562000,4700000,4308000,6800000,6703000,6497000,6510000,7165000,6816000,6668000,6711000,6942000,7399000,
Armenia,ARM,"International tourism, number of arrivals",ST.INT.ARVL,,,,,,,,,,,,,,,,,,,,,,,,,,,,,,,,,,,,12000,13000,23000,32000,41000,45000,123000,162000,206000,263000,319000,382000,511000,558000,575000,684000,758000,963000,1084000,1204000,1192000,1260000,1495000,1652000,1894000,
American Samoa,ASM,"International tourism, number of arrivals",ST.INT.ARVL,,,,,,,,,,,,,,,,,,,,,,,,,,,,,,,,,,,,,,,,,,,,,,,,,,,40299.99924,41299.99924,50200.00076,49299.99924,51599.99847,47099.99847,38299.99924,42299.99924,51799.99924,52700.00076,
Antigua and Barbuda,ATG,"International tourism, number of arrivals",ST.INT.ARVL,,,,,,,,,,,,,,,,,,,,,,,,,,,,,,,,,,,,447000,498000,526000,570000,560000,634000,624000,528000,623000,769000,712000,838000,935000,863000,944000,788000,848000,819000,777000,771000,894000,874000,1040000,1064000,1035000,
Australia,AUS,"International tourism, number of arrivals",ST.INT.ARVL,,,,,,,,,,,,,,,,,,,,,,,,,,,,,,,,,,,,3726000,4165000,4318000,4167000,4459000,4931000,4856000,4841000,4746000,5215000,5499000,5532000,5644000,5586000,5490000,5790000,5771000,6032000,6482000,6922000,7449000,8269000,8815000,9246000,9466000,
Austria,AUT,"International tourism, number of arrivals",ST.INT.ARVL,,,,,,,,,,,,,,,,,,,,,,,,,,,,,,,,,,,,17173000,17090000,16647000,17352000,17467000,17982000,18180000,18611000,19078000,19374000,19952000,20269000,20773000,21935000,21355000,22004000,23012000,24151000,24813000,25291000,26728000,28121000,29460000,30816000,31884000,
Azerbaijan,AZE,"International tourism, number of arrivals",ST.INT.ARVL,,,,,,,,,,,,,,,,,,,,,,,,,,,,,,,,,,,,93000,210000,306000,483000,602000,681000,767000,834000,1038000,1279000,1177000,1194000,1333000,1899000,1830000,1963000,2239000,2484000,2509000,2298000,2006000,2249000,2697000,2850000,3170000,
Burundi,BDI,"International tourism, number of arrivals",ST.INT.ARVL,,,,,,,,,,,,,,,,,,,,,,,,,,,,,,,,,,,,34000,27000,11000,15000,26000,29000,36000,74000,74000,133000,148000,214000,192000,202000,212000,142000,144000,147000,234000,235000,131000,187000,299000,,,
Belgium,BEL,"International tourism, number of arrivals",ST.INT.ARVL,,,,,,,,,,,,,,,,,,,,,,,,,,,,,,,,,,,,5560000,5829000,6037000,6179000,6369000,6457000,6452000,6720000,6690000,6710000,6747000,6995000,7045000,7165000,6815000,7186000,7494000,7560000,7684000,7887000,8355000,7481000,8385000,9119000,9343000,
Benin,BEN,"International tourism, number of arrivals",ST.INT.ARVL,,,,,,,,,,,,,,,,,,,,,,,,,,,,,,,,,,,,580000,516000,541000,575000,941000,1068000,1155000,853000,850000,845000,960000,975000,1010000,1027000,,,222000,232000,252000,265000,279000,292000,307000,322000,337000,
Burkina Faso,BFA,"International tourism, number of arrivals",ST.INT.ARVL,,,,,,,,,,,,,,,,,,,,,,,,,,,,,,,,,,,,124000,131000,138000,160000,117000,126000,128000,150000,163000,222000,245000,264000,289000,272000,269000,274000,238000,237000,218000,191000,163000,152000,143000,144000,143000,
Bangladesh,BGD,"International tourism, number of arrivals",ST.INT.ARVL,,,,,,,,,,,,,,,,,,,,,,,,,,,,,,,,,,,,156000,166000,182000,172000,173000,199000,207000,207000,245000,271000,208000,200000,289000,467000,267000,139000,157000,160000,104000,134000,126000,182000,237000,267000,323000,
Bulgaria,BGR,"International tourism, number of arrivals",ST.INT.ARVL,,,,,,,,,,,,,,,,,,,,,,,,,,,,,,,,,,,,8005000,6811000,7543000,5240000,5056000,4922000,5104000,5563000,6241000,6982000,7282000,7499000,7726000,8533000,7873000,8374000,8713000,8867000,9192000,9409000,9317000,10604000,11596000,12368000,12552000,
Bahrain,BHR,"International tourism, number of arrivals",ST.INT.ARVL,,,,,,,,,,,,,,,,,,,,,,,,,,,,,,,,,,,,2311000,1988000,2600000,2898000,3280000,3869000,4388000,4831000,4844000,5667000,6313000,7289000,7833000,8631000,8861000,11952000,6732000,8062000,9163000,10452000,9670000,10158000,11374000,12045000,11061000,
"Bahamas, The",BHS,"International tourism, number of arrivals",ST.INT.ARVL,,,,,,,,,,,,,,,,,,,,,,,,,,,,,,,,,,,,3239000,3416000,3446000,3348000,3648000,4204000,4183000,4406000,4594000,5004000,4779000,4731000,4601000,4394000,4645000,5255000,5588000,5940000,6151000,6320000,6112000,6265000,6136000,6622000,7250000,
Bosnia and Herzegovina,BIH,"International tourism, number of arrivals",ST.INT.ARVL,,,,,,,,,,,,,,,,,,,,,,,,,,,,,,,,,,,,,,115000,148000,147000,171000,139000,160000,165000,190000,217000,256000,306000,322000,311000,365000,392000,439000,529000,536000,678000,778000,923000,1053000,1198000,
Belarus,BLR,"International tourism, number of arrivals",ST.INT.ARVL,,,,,,,,,,,,,,,,,,,,,,,,,,,,,,,,,,,,,,,,,2030000,1852000,1907000,1729000,1816000,4738000,5276000,5283000,5262000,4872000,5674000,5877000,6130000,6242000,5375000,4386000,10935000,11060000,11502000,11832000,
Belize,BLZ,"International tourism, number of arrivals",ST.INT.ARVL,,,,,,,,,,,,,,,,,,,,,,,,,,,,,,,,,,,,342000,349000,305000,300000,340000,374000,385000,694000,999000,1329000,1037000,903000,880000,846000,941000,1054000,1106000,1028000,1022000,1289000,1299000,1391000,1441000,1697000,1674000,
Bermuda,BMU,"International tourism, number of arrivals",ST.INT.ARVL,,,,,,,,,,,,,,,,,,,,,,,,,,,,,,,,,,,,557000,570000,562000,558000,549000,539000,458000,484000,483000,478000,517000,635000,660000,550000,554000,580000,652000,610000,576000,580000,597000,642000,688000,766000,805000,
Bolivia,BOL,"International tourism, number of arrivals",ST.INT.ARVL,,,,,,,,,,,,,,,,,,,,,,,,,,,,,,,,,,,,284000,313000,355000,387000,342000,319000,316000,334000,427000,480000,524000,521000,573000,594000,599000,679000,711000,798000,798000,871000,882000,961000,1109000,1142000,1239000,
Brazil,BRA,"International tourism, number of arrivals",ST.INT.ARVL,,,,,,,,,,,,,,,,,,,,,,,,,,,,,,,,,,,,1991000,2666000,2850000,4818000,5107000,5313000,4773000,3785000,4133000,4794000,5358000,5017000,5026000,5050000,4802000,5161000,5433000,5677000,5813000,6430000,6306000,6547000,6589000,6621000,6353000,
Barbados,BRB,"International tourism, number of arrivals",ST.INT.ARVL,,,,,,,,,,,,,,,,,,,,,,,,,,,,,,,,,,,,927000,957000,990000,1019000,947000,1078000,1035000,1021000,1090000,1273000,1111000,1102000,1191000,1165000,1154000,1197000,1187000,1053000,1079000,1079000,1179000,1227000,1345000,1356000,966000,
Brunei Darussalam,BRN,"International tourism, number of arrivals",ST.INT.ARVL,,,,,,,,,,,,,,,,,,,,,,,,,,,,,,,,,,,,,,,,,,,,,119000,126000,158000,179000,226000,157000,214000,242000,209000,225000,201000,218000,219000,259000,278000,333000,
Bhutan,BTN,"International tourism, number of arrivals",ST.INT.ARVL,,,,,,,,,,,,,,,,,,,,,,,,,,,,,,,,,,,,4800.000191,5199.999809,5400.000095,6199.999809,7199.999809,7599.999905,6400.000095,5599.999905,6300.000191,9199.999809,13600.00038,17299.99924,21000,28000,23000,41000,66000,105000,116000,133000,155000,210000,255000,274000,316000,
Botswana,BWA,"International tourism, number of arrivals",ST.INT.ARVL,,,,,,,,,,,,,,,,,,,,,,,,,,,,,,,,,,,,636000,656000,765000,940000,1039000,1306000,1451000,1485000,1592000,1727000,1684000,1642000,1965000,2344000,,,,,,,1660000,1712000,1775000,1830000,,
Central African Republic,CAF,"International tourism, number of arrivals",ST.INT.ARVL,,,,,,,,,,,,,,,,,,,,,,,,,,,,,,,,,,,,26000,21000,17000,7500,10000,11199.99981,9899.999619,2900.000095,5699.999809,8199.999809,12000,13800.00019,17100.00038,30600.00038,52400.00153,53799.99924,65400.00153,70800.00305,83500,95699.99695,120500,82000,107000,109000,,
Canada,CAN,"International tourism, number of arrivals",ST.INT.ARVL,,,,,,,,,,,,,,,,,,,,,,,,,,,,,,,,,,,,41657000,43256000,45076000,48064000,49055000,48638000,47147000,44896000,38903000,38845000,36160000,33390000,30373000,27370000,24696000,25621000,25066000,25318000,25167000,25558000,27555000,30142000,31081000,31274000,32430000,
Central Europe and the Baltics,CEB,"International tourism, number of arrivals",ST.INT.ARVL,,,,,,,,,,,,,,,,,,,,,,,,,,,,,,,,,,,,188652644.9,199135866.3,203579244,200151256.8,200062962,206946379.3,182538824.4,173510081.4,177955845.4,200553517.6,208136165.2,215062885.9,222544621.8,217002009.9,205767642.4,211503443.3,219665361.6,230513827.8,239484451.8,247176982.1,265484205.1,282858334.2,293799709.7,301502122.5,314638365.1,
Switzerland,CHE,"International tourism, number of arrivals",ST.INT.ARVL,,,,,,,,,,,,,,,,,,,,,,,,,,,,,,,,,,,,6946000,6730000,7039000,7185000,7154000,7821000,7455000,6868000,6530000,,7229000,7863000,8448000,8608000,8294000,8628000,8534000,8566000,8967000,9158000,9305000,10402000,11133000,11715000,11818000,
Channel Islands,CHI,"International tourism, number of arrivals",ST.INT.ARVL,,,,,,,,,,,,,,,,,,,,,,,,,,,,,,,,,,,,,,,,,,,,,,,,,,,,,,,,,,,,,
Chile,CHL,"International tourism, number of arrivals",ST.INT.ARVL,,,,,,,,,,,,,,,,,,,,,,,,,,,,,,,,,,,,,,,,,,,,,,,,,3713000,3657000,3584000,3963000,4397000,4457000,4601000,5487000,6712000,7621000,6603000,5431000,
China,CHN,"International tourism, number of arrivals",ST.INT.ARVL,,,,,,,,,,,,,,,,,,,,,,,,,,,,,,,,,,,,46387000,51128000,57588000,63478000,72796000,83444000,89013000,97908000,91662000,109038000,120292000,124942000,131873000,130027000,126476000,133762000,135423000,132405000,129078000,128499000,133820000,141774000,153260000,158606000,162538000,
Cote d'Ivoire,CIV,"International tourism, number of arrivals",ST.INT.ARVL,,,,,,,,,,,,,,,,,,,,,,,,,,,,,,,,,,,,188000,237000,274000,301000,,,,,,,,,182000,205000,231000,252000,270000,289000,380000,471000,1441000,1583000,1800000,1965000,2070000,
Cameroon,CMR,"International tourism, number of arrivals",ST.INT.ARVL,,,,,,,,,,,,,,,,,,,,,,,,,,,,,,,,,,,,,,,,,,,,,,,451000,477000,487000,498000,573000,604000,817000,783000,822000,897000,994000,1081000,997000,,
"Congo, Dem. Rep.",COD,"International tourism, number of arrivals",ST.INT.ARVL,,,,,,,,,,,,,,,,,,,,,,,,,,,,,,,,,,,,35000,37000,30000,53000,80000,103000,55000,28000,35000,36000,61000,55000,47000,50000,53000,81000,186000,167000,191000,334000,354000,351000,,,,
"Congo, Rep.",COG,"International tourism, number of arrivals",ST.INT.ARVL,,,,,,,,,,,,,,,,,,,,,,,,,,,,,,,,,,,,,,,,,,,,,,,,,,,199000,224000,259000,345000,229000,224000,213000,151000,158000,,
Colombia,COL,"International tourism, number of arrivals",ST.INT.ARVL,,,,,,,,,,,,,,,,,,,,,,,,,,,,,,,,,,,,1433000,751000,758000,823000,725000,707000,788000,661000,668000,840000,981000,2096000,2381000,2545000,2649000,1701000,2356000,2434000,2595000,2866000,3371000,3675000,4056000,4398000,4529000,
Comoros,COM,"International tourism, number of arrivals",ST.INT.ARVL,,,,,,,,,,,,,,,,,,,,,,,,,,,,,,,,,,,,23000,24000,26000,27000,24000,24000,19399.99962,18899.99962,20600.00038,23299.99924,25899.99962,28500,15199.99981,14800.00019,11300.00019,15300.00019,18799.99924,22799.99924,21899.99962,22799.99924,23600.00038,26799.99924,28000,35900.00153,45099.99847,
Cabo Verde,CPV,"International tourism, number of arrivals",ST.INT.ARVL,,,,,,,,,,,,,,,,,,,,,,,,,,,,,,,,,,,,28000,37000,45000,52000,67000,115000,134000,126000,150000,157000,198000,242000,267000,285000,287000,336000,428000,482000,503000,494000,520000,598000,668000,710000,758000,
Costa Rica,CRI,"International tourism, number of arrivals",ST.INT.ARVL,,,,,,,,,,,,,,,,,,,,,,,,,,,,,,,,,,,,924000,940000,1013000,1167000,1267000,1278000,1320000,1335000,1514000,1771000,1959000,2071000,2302000,2409000,2309000,2495000,2526000,2542000,2641000,2760000,2899000,3204000,3231000,3313000,3366000,
Caribbean small states,CSS,"International tourism, number of arrivals",ST.INT.ARVL,,,,,,,,,,,,,,,,,,,,,,,,,,,,,,,,,,,,8608436.645,9027600.363,9357302.28,9482950.877,9901109.406,11115377.44,10923386.39,11075114.14,12223187.43,13943780.1,13151761.26,13524000,13774000,13494000,14132000,14853000,15421000,15540000,15674000,16644000,17200000,17638000,18488000,19669834.92,19819087.26,
Cuba,CUB,"International tourism, number of arrivals",ST.INT.ARVL,,,,,,,,,,,,,,,,,,,,,,,,,,,,,,,,,,,,745000,1004000,1170000,1416000,1603000,1774000,1775000,1686000,1906000,2049000,2319000,2221000,2152000,2348000,2430000,2532000,2716000,2847000,2862000,3014000,3540000,4009000,4654000,4712000,4276000,
Curacao,CUW,"International tourism, number of arrivals",ST.INT.ARVL,,,,,,,,,,,,,,,,,,,,,,,,,,,,,,,,,,,,396000,387000,422000,437000,433000,514000,519000,545000,508000,452000,510000,572000,664000,773000,808000,762000,837000,908000,1071000,1129000,1072000,944000,1058000,1210000,1293000,
Cayman Islands,CYM,"International tourism, number of arrivals",ST.INT.ARVL,,,,,,,,,,,,,,,,,,,,,,,,,,,,,,,,,,,,1044000,1173000,1248000,1275000,1431000,1385000,1549000,1878000,2113000,1953000,1967000,2197000,2008000,1856000,1792000,1886000,1710000,1829000,1721000,1993000,2102000,2097000,2147000,2384000,2334000,
Cyprus,CYP,"International tourism, number of arrivals",ST.INT.ARVL,,,,,,,,,,,,,,,,,,,,,,,,,,,,,,,,,,,,2253000,2089000,2194000,2357000,2578000,2912000,2841000,2495000,2416000,2478000,2657000,2629000,2671000,2631000,2370000,2450000,2626000,2635000,2626000,2558000,2780000,3286000,3750000,4024000,4117000,
Czech Republic,CZE,"International tourism, number of arrivals",ST.INT.ARVL,,,,,,,,,,,,,,,,,,,,,,,,,,,,,,,,,,,,,,,,,,,,20108000,23808000,24747000,25102000,22625000,21850000,23285000,21941000,22810000,25750000,26332000,27166000,29604000,32519000,34701000,36268000,,
Germany,DEU,"International tourism, number of arrivals",ST.INT.ARVL,,,,,,,,,,,,,,,,,,,,,,,,,,,,,,,,,,,,14847000,15205000,15837000,16511000,17116000,18983000,17861000,17969000,18399000,20137000,21500000,23569000,24421000,24884000,24220000,26875000,28374000,30411000,31545000,32999000,34970000,35555000,37452000,38881000,39563000,
Djibouti,DJI,"International tourism, number of arrivals",ST.INT.ARVL,,,,,,,,,,,,,,,,,,,,,,,,,,,,,,,,,,,,21000,20000,20000,21000,21000,20100.00038,21600.00038,22500,23200.00076,26299.99924,30200.00076,39500,40000,54000,58000,51000,56000,60000,63000,,,,,,,
Dominica,DMA,"International tourism, number of arrivals",ST.INT.ARVL,,,,,,,,,,,,,,,,,,,,,,,,,,,,,,,,,,,,203000,261000,299000,312000,280000,312000,276000,208000,254000,466000,381000,465000,437000,468000,608000,595000,418000,348000,311000,370000,358000,356000,230000,199000,322000,
Denmark,DNK,"International tourism, number of arrivals",ST.INT.ARVL,,,,,,,,,,,,,,,,,,,,,,,,,,,,,,,,,,,,,,,,,,,,21119000,22054000,26927000,26936000,27138000,26870000,26571000,26730000,25811000,26402000,26516000,28070000,28209000,28692000,30736000,30801000,32903000,
Dominican Republic,DOM,"International tourism, number of arrivals",ST.INT.ARVL,,,,,,,,,,,,,,,,,,,,,,,,,,,,,,,,,,,,1806000,2037000,2482000,2702000,2932000,3161000,3090000,3058000,3680000,3907000,3981000,4268000,4365000,4455000,4489000,4478000,4654000,4901000,5114000,5576000,6129000,6769000,7296000,7551000,7550000,
Algeria,DZA,"International tourism, number of arrivals",ST.INT.ARVL,,,,,,,,,,,,,,,,,,,,,,,,,,,,,,,,,,,,520000,605000,635000,678000,749000,866000,901000,988000,1166000,1234000,1443000,1638000,1743000,1772000,1912000,2070000,2395000,2634000,2733000,2301000,1710000,2039000,2451000,2657000,2371000,
East Asia & Pacific (excluding high income),EAP,"International tourism, number of arrivals",ST.INT.ARVL,,,,,,,,,,,,,,,,,,,,,,,,,,,,,,,,,,,,70697194.35,77176028.09,83299555.23,88459891.27,101742796.7,116421087.8,125476068.1,136515478,125730115.6,152757065.1,165979607,174755562,188426346.8,188955620.3,186407888.8,200147994.2,208104879.7,211812934.9,217359645.7,219559756.9,232431016.3,246180646.4,267153312.5,281199029.5,292914980.5,
Early-demographic dividend,EAR,"International tourism, number of arrivals",ST.INT.ARVL,,,,,,,,,,,,,,,,,,,,,,,,,,,,,,,,,,,,163202805.6,170263612.5,174864014.9,177703744.6,181005514.4,190532159.7,184896885.3,190886934.7,186159242.8,208858479.3,220351005.2,222512638.3,237447686.6,253965565.9,245231108.2,260218031.2,251178036,266770386.7,276291315.7,298030473.7,305091375.5,301876958.5,326787964.8,350576700.2,369336988.9,
East Asia & Pacific,EAS,"International tourism, number of arrivals",ST.INT.ARVL,,,,,,,,,,,,,,,,,,,,,,,,,,,,,,,,,,,,113102969.7,124058070.5,127928324.7,130459930,147483728.1,168432327.3,178985720.9,195104065.8,180620903.5,224882086.7,243948760.3,259738033.7,283650880.8,281774082.1,277214276.8,307340770.9,325108334.9,342226043.6,360414450.4,378699335.7,396249901.2,418805639.1,446066533.2,476456920.3,487076537.2,
Europe & Central Asia (excluding high income),ECA,"International tourism, number of arrivals",ST.INT.ARVL,,,,,,,,,,,,,,,,,,,,,,,,,,,,,,,,,,,,35604565.48,42568224.27,55484661.92,49023975.21,48231539.25,55790718.02,58711959.16,64885128.16,67843736.4,77077004.32,86573758.92,89556877.55,105674501.1,114887343.7,107539115.8,111459664.2,124756942.4,134077664.4,142909183.5,132250688.9,133266467.3,123699921.9,138340369.8,157161038.9,167840542.5,
Europe & Central Asia,ECS,"International tourism, number of arrivals",ST.INT.ARVL,,,,,,,,,,,,,,,,,,,,,,,,,,,,,,,,,,,,600555148.1,636958586.5,674422531.4,684813634.7,695759137.6,734616092.1,703788945.6,712450071.7,725406046.7,772402907.7,803061672.2,840964249.4,869990503.7,870954888.7,841072569.6,856173587,904411098.9,929785345.1,964683666.1,981440067.9,1010743320,1038921833,1095570941,1140489223,1183445652,
Ecuador,ECU,"International tourism, number of arrivals",ST.INT.ARVL,,,,,,,,,,,,,,,,,,,,,,,,,,,,,,,,,,,,440000,494000,529000,511000,518000,627000,641000,683000,761000,819000,860000,841000,937000,1005000,968000,1047000,1141000,1272000,1364000,1695000,1676000,1569000,1806000,2535000,2108000,
"Egypt, Arab Rep.",EGY,"International tourism, number of arrivals",ST.INT.ARVL,,,,,,,,,,,,,,,,,,,,,,,,,,,,,,,,,,,,3133000,3896000,3961000,3454000,4797000,5506000,4648000,5192000,6044000,8104000,8608000,9083000,11091000,12835000,12536000,14731000,9845000,11532000,9464000,9878000,9328000,5399000,8292000,11346000,13026000,
Euro area,EMU,"International tourism, number of arrivals",ST.INT.ARVL,,,,,,,,,,,,,,,,,,,,,,,,,,,,,,,,,,,,,,,,,,,,,448120957.9,456920094.1,483689631.2,488730506.4,489759073.4,478015161.9,485769067.1,508494435,513787450.7,532531225.6,548378758,564125526.9,583438534,610362150,631498886.5,,
Eritrea,ERI,"International tourism, number of arrivals",ST.INT.ARVL,,,,,,,,,,,,,,,,,,,,,,,,,,,,,,,,,,,,315000,417000,410000,188000,57000,70000,113000,101000,80000,87000,83000,78000,81000,70000,79000,84000,107000,129000,141000,119000,114000,142000,,,,
Spain,ESP,"International tourism, number of arrivals",ST.INT.ARVL,,,,,,,,,,,,,,,,,,,,,,,,,,,,,,,,,,,,52460000,55077000,62415000,68068000,72040000,74580000,75564000,79313000,82326000,85981000,92563000,96152000,98907000,97670000,91899000,93744000,99187000,98128000,103231000,107144000,109834000,115561000,121717000,124456000,126170000,
Estonia,EST,"International tourism, number of arrivals",ST.INT.ARVL,,,,,,,,,,,,,,,,,,,,,,,,,,,,,,,,,,,,2111000,2444000,2618000,2909000,3181000,3310000,3230000,3253000,3378000,,,,,3828000,3834000,4369000,4907000,5007000,5737000,5804000,5696000,5942000,6145000,6033000,6103000,
Ethiopia,ETH,"International tourism, number of arrivals",ST.INT.ARVL,,,,,,,,,,,,,,,,,,,,,,,,,,,,,,,,,,,,103000,109000,139000,112000,115000,136000,148000,156000,180000,184000,227000,330000,358000,383000,427000,468000,523000,597000,681000,770000,864000,871000,933000,849000,812000,
European Union,EUU,"International tourism, number of arrivals",ST.INT.ARVL,,,,,,,,,,,,,,,,,,,,,,,,,,,,,,,,,,,,,,,,,,,,622871342.4,655555461.4,675856521.8,707851009.5,719974906.6,713886624.2,692671404.9,705250735.6,739701833.3,756293169.5,780872157.3,806007533.6,832208137,866488537.3,906805887.9,934880666.1,966435420.9,
Fragile and conflict affected situations,FCS,"International tourism, number of arrivals",ST.INT.ARVL,,,,,,,,,,,,,,,,,,,,,,,,,,,,,,,,,,,,11159561.5,11933618.29,11257511.64,12071413.31,12659341.99,13505529.43,14507566.54,16346109.73,16859199.34,19486560.69,19863698.45,21415301.03,25354997.33,28486739.45,31365671.66,37011138.45,30195703.45,32495594.64,33639940.64,,,,,,,
Finland,FIN,"International tourism, number of arrivals",ST.INT.ARVL,,,,,,,,,,,,,,,,,,,,,,,,,,,,,,,,,,,,1779000,1724000,1832000,2644000,2454000,2714000,2826000,2875000,2601000,2840000,3140000,3375000,3519000,3583000,3423000,3670000,4192000,4226000,2797000,2731000,2622000,2789000,3180000,3224000,3290000,
Fiji,FJI,"International tourism, number of arrivals",ST.INT.ARVL,,,,,,,,,,,,,,,,,,,,,,,,,,,,,,,,,,,,476000,534000,547000,499000,544000,434000,446000,461000,451000,513000,547000,,542000,627000,605000,692000,734000,741000,769000,781000,869000,963000,1027000,1058000,969000,
France,FRA,"International tourism, number of arrivals",ST.INT.ARVL,,,,,,,,,,,,,,,,,,,,,,,,,,,,,,,,,,,,,148263000,157551000,,,,,,,190282000,185829000,193882000,193319000,193571000,192369000,189826000,196595000,197522000,204410000,206599000,203302000,203042000,207274000,211998000,,
Faroe Islands,FRO,"International tourism, number of arrivals",ST.INT.ARVL,,,,,,,,,,,,,,,,,,,,,,,,,,,,,,,,,,,,,,,,,,,,,,,,,,,,,,,,,,,,,
"Micronesia, Fed. Sts.",FSM,"International tourism, number of arrivals",ST.INT.ARVL,,,,,,,,,,,,,,,,,,,,,,,,,,,,,,,,,,,,,17600.00038,17200.00076,13399.99962,16100.00038,20500,15300.00019,19100.00038,18200.00076,19299.99924,19000,19100.00038,21100.00038,25700.00076,47500,44700.00076,35400.00153,38299.99924,42099.99847,35400.00153,31200.00076,29600.00038,,19200.00076,18000,
Gabon,GAB,"International tourism, number of arrivals",ST.INT.ARVL,,,,,,,,,,,,,,,,,,,,,,,,,,,,,,,,,,,,203000,217000,247000,274000,262000,230000,236000,269000,234000,351000,526000,,,,,,,,,,,,,,,
United Kingdom,GBR,"International tourism, number of arrivals",ST.INT.ARVL,,,,,,,,,,,,,,,,,,,,,,,,,,,,,,,,,,,,23537000,25163000,25515000,25745000,25394000,25209000,22835000,24180000,24715000,27755000,29970000,32713000,32778000,31888000,31072000,30398000,31886000,32221000,33567000,35337000,36792000,39129000,41080000,40283000,40857000,
Georgia,GEO,"International tourism, number of arrivals",ST.INT.ARVL,,,,,,,,,,,,,,,,,,,,,,,,,,,,,,,,,,,,85000,117000,313000,317000,384000,387000,302000,298000,313000,368000,560000,983000,1052000,1290000,1500000,2032000,2712000,4106000,4954000,5004000,5256000,5393000,6483000,7203000,7726000,
Ghana,GHA,"International tourism, number of arrivals",ST.INT.ARVL,,,,,,,,,,,,,,,,,,,,,,,,,,,,,,,,,,,,286000,305000,325000,348000,373000,399000,439000,483000,531000,584000,429000,497000,587000,698000,803000,931000,821000,903000,994000,825000,897000,,,,,
Gibraltar,GIB,"International tourism, number of arrivals",ST.INT.ARVL,,,,,,,,,,,,,,,,,,,,,,,,,,,,,,,,,,,,,,,,,,,,,,,,,,,,,,,,,,,,,
Guinea,GIN,"International tourism, number of arrivals",ST.INT.ARVL,,,,,,,,,,,,,,,,,,,,,,,,,,,,,,,,,,,,,12000,17000,23000,27000,33000,38000,43000,44000,45000,45000,46099.99847,30000,24000,,12399.99962,131000,96000,56000,33000,35000,63000,99000,,,
"Gambia, The",GMB,"International tourism, number of arrivals",ST.INT.ARVL,,,,,,,,,,,,,,,,,,,,,,,,,,,,,,,,,,,,45000,77000,85000,91000,96000,79000,57000,81000,89000,90000,108000,125000,143000,147000,142000,91000,106000,157000,171000,156000,449000,450000,522000,552000,619000,
Guinea-Bissau,GNB,"International tourism, number of arrivals",ST.INT.ARVL,,,,,,,,,,,,,,,,,,,,,,,,,,,,,,,,,,,,,,,,,,7800.000191,,,,5000,11600.00038,15600.00038,18000,16000,22299.99924,36700.00076,35400.00153,35500,36099.99847,43799.99924,45200.00076,49500,55000,52400.00153,
Equatorial Guinea,GNQ,"International tourism, number of arrivals",ST.INT.ARVL,,,,,,,,,,,,,,,,,,,,,,,,,,,,,,,,,,,,,,,,,,,,,,,,,,,,,,,,,,,,,
Greece,GRC,"International tourism, number of arrivals",ST.INT.ARVL,,,,,,,,,,,,,,,,,,,,,,,,,,,,,,,,,,,,10712000,9782000,10588000,11364000,12606000,13567000,14678000,14918000,14785000,14268000,15938000,17284000,,,,,,,20112000,24272000,26114000,28071000,30161000,33072000,34005000,
Grenada,GRD,"International tourism, number of arrivals",ST.INT.ARVL,,,,,,,,,,,,,,,,,,,,,,,,,,,,,,,,,,,,369000,386000,368000,392000,379000,316000,277000,271000,294000,370000,380000,342000,406000,428000,460000,445000,447000,370000,327000,387000,437000,474000,468000,529000,526000,
Greenland,GRL,"International tourism, number of arrivals",ST.INT.ARVL,,,,,,,,,,,,,,,,,,,,,,,,,,,,,,,,,,,,,,,,,,,,,,,,,,,,,,,,,,,,,
Guatemala,GTM,"International tourism, number of arrivals",ST.INT.ARVL,,,,,,,,,,,,,,,,,,,,,,,,,,,,,,,,,,,,563000,520000,576000,636000,823000,826000,835000,884000,880000,1182000,1316000,1502000,1628000,1715000,1311000,1384000,1434000,1491000,1516000,1739000,1865000,1906000,2120000,2406000,2560000,
Guam,GUM,"International tourism, number of arrivals",ST.INT.ARVL,,,,,,,,,,,,,,,,,,,,,,,,,,,,,,,,,,,,1362000,1373000,1382000,1137000,1162000,1287000,1159000,1059000,910000,1160000,1228000,1212000,1225000,1142000,1053000,1197000,1160000,1308000,1334000,1343000,1409000,1536000,1545000,1549000,1667000,
Guyana,GUY,"International tourism, number of arrivals",ST.INT.ARVL,,,,,,,,,,,,,,,,,,,,,,,,,,,,,,,,,,,,106000,92000,76000,66000,75000,105000,99000,104000,101000,122000,117000,113000,134000,130000,141000,152000,157000,177000,200000,206000,207000,235000,247000,287000,315000,
High income,HIC,"International tourism, number of arrivals",ST.INT.ARVL,,,,,,,,,,,,,,,,,,,,,,,,,,,,,,,,,,,,776666672.3,814802318.5,840562470.6,850240428.6,870731413.9,913778548.1,870625297.4,866648055.6,861111865.2,928843174.9,958621050.4,1114371721,1131041397,1124397194,1076505436,1112762798,1141594646,1203509910,1253044697,1302343049,1337902715,1387672240,1437810056,1476590664,1503831194,
"Hong Kong SAR, China",HKG,"International tourism, number of arrivals",ST.INT.ARVL,,,,,,,,,,,,,,,,,,,,,,,,,,,,,,,,,,,,10200000,12974000,11273000,10160000,11328000,13059000,13725000,16566000,15537000,21811000,23359000,25251000,28169000,29507000,29591000,36030000,41921000,48615000,54299000,60839000,59308000,56655000,58472000,65148000,55913000,
Honduras,HND,"International tourism, number of arrivals",ST.INT.ARVL,,,,,,,,,,,,,,,,,,,,,,,,,,,,,,,,,,,,,271000,310000,324000,428000,689000,672000,788000,887000,1026000,1118000,1136000,1309000,1561000,1589000,1965000,1852000,1903000,1857000,2082000,2093000,2228000,2144000,2323000,2315000,
Heavily indebted poor countries (HIPC),HPC,"International tourism, number of arrivals",ST.INT.ARVL,,,,,,,,,,,,,,,,,,,,,,,,,,,,,,,,,,,,,5902095.506,6349405.768,6495317.762,7303585.981,7983721.281,8375419.593,9281669.353,9434962.163,10478902.42,11791107.17,13238621.02,14998905.17,15883719.13,16325163.27,17897007.23,19487567.58,20895802.26,21753357.43,22332226.83,24138394.05,25844799.64,27715295.7,30172426.89,,
Croatia,HRV,"International tourism, number of arrivals",ST.INT.ARVL,,,,,,,,,,,,,,,,,,,,,,,,,,,,,,,,,,,,16100000,19085000,23660000,25499000,29215000,37226000,40129000,41737000,42857000,44974000,45762000,47733000,52271000,51336000,47573000,49006000,49969000,47185000,48345000,51168000,55858000,57587000,59238000,57668000,60021000,
Haiti,HTI,"International tourism, number of arrivals",ST.INT.ARVL,,,,,,,,,,,,,,,,,,,,,,,,,,,,,,,,,,,,370000,400000,387000,393000,386000,445000,499000,482000,518000,385000,480000,558000,868000,758000,826000,793000,946000,959000,1064000,1127599.976,1190000,1153000,1262000,1333000,938000,
Hungary,HUN,"International tourism, number of arrivals",ST.INT.ARVL,,,,,,,,,,,,,,,,,,,,,,,,,,,,,,,,,,,,39240000,39833000,37315000,33624000,28803000,31141000,30679000,31739000,31412000,33934000,36173000,38318000,39379000,39554000,40624000,39904000,41304000,43565000,43611000,45984000,48345000,52890000,54962000,57667000,61397000,
IBRD only,IBD,"International tourism, number of arrivals",ST.INT.ARVL,,,,,,,,,,,,,,,,,,,,,,,,,,,,,,,,,,,,353800325.7,378499777.7,404340835.5,410684464,433438860.4,464355687.9,449523359.3,457518360.8,449390487.1,515076537.7,549009678.4,564240796.1,601409857.3,609565361.8,583790350.8,613522333.8,626071645.1,647942872,668823199.9,677352994.5,704645262.2,726219990.4,780972356.9,817056600.1,844994594.4,
IDA & IBRD total,IBT,"International tourism, number of arrivals",ST.INT.ARVL,,,,,,,,,,,,,,,,,,,,,,,,,,,,,,,,,,,,375013431,402147687.9,429578340.2,437112740.9,461412368.9,494290124.3,480202560.3,490319099.8,483154295.5,554105346.3,589500688.9,608869891.4,653388580.3,664910051.2,641076317.2,676045523.6,686294462.1,712607997,737145782.1,749149892.4,782103172,803782503.9,865281963,913483020.5,948013547.3,
IDA total,IDA,"International tourism, number of arrivals",ST.INT.ARVL,,,,,,,,,,,,,,,,,,,,,,,,,,,,,,,,,,,,15880943.31,18081828.45,19288222.75,20487748.65,21714287.67,23224398.75,24413057.79,26603203.81,27854601.52,32284857.44,33201612.71,37474373.87,44696099.14,48125449.05,50701901.3,55782550.33,53959672.79,58626199.02,62420299.88,66367045.62,72390962.77,71814126.69,78430605.27,93659535.35,101793852.1,
IDA blend,IDB,"International tourism, number of arrivals",ST.INT.ARVL,,,,,,,,,,,,,,,,,,,,,,,,,,,,,,,,,,,,5829676.037,6492707.86,7282925.034,7992869.487,8050207.145,7834409.051,8280600.279,8213880.095,8820616.764,9726551.756,9734891.779,11546549.49,14997157.15,14678611.77,15705314.7,16084000,14794000,15378000,14703638.63,15387603.25,17047471.19,16898087.34,,,,
Indonesia,IDN,"International tourism, number of arrivals",ST.INT.ARVL,,,,,,,,,,,,,,,,,,,,,,,,,,,,,,,,,,,,4324000,5034000,5185000,4606000,4728000,5064000,5153000,5033000,4467000,5321000,5002000,4871000,5506000,6234000,6324000,7003000,7650000,8044000,8802000,9435000,10407000,11519000,14040000,15810000,16107000,
IDA only,IDX,"International tourism, number of arrivals",ST.INT.ARVL,,,,,,,,,,,,,,,,,,,,,,,,,,,,,,,,,,,,9898369.141,11446848.79,11789230.68,12219084.18,13448973.93,15298382.92,16027962.3,18393840.63,19006490.68,22581461.23,23520189.17,25962804.81,29665427.71,33551555.34,35075020.81,39943070.32,39452476.22,43798747.6,48731058.91,52121539.59,56521288.67,56088358.13,60897176.71,70833719.94,76844519.62,
Isle of Man,IMN,"International tourism, number of arrivals",ST.INT.ARVL,,,,,,,,,,,,,,,,,,,,,,,,,,,,,,,,,,,,,,,,,,,,,,,,,,,,,,,,,,,,,
India,IND,"International tourism, number of arrivals",ST.INT.ARVL,,,,,,,,,,,,,,,,,,,,,,,,,,,,,,,,,,,,2124000,2288000,2374000,2359000,2482000,2649000,2537000,2384000,2726000,3457000,3919000,4447000,5082000,5283000,5168000,5776000,6309000,6578000,6968000,13107000,13284000,14570000,15543000,17423000,17914000,
Not classified,INX,"International tourism, number of arrivals",ST.INT.ARVL,,,,,,,,,,,,,,,,,,,,,,,,,,,,,,,,,,,,,,,,,,,,,,,,,,,,,,,,,,,,,
Ireland,IRL,"International tourism, number of arrivals",ST.INT.ARVL,,,,,,,,,,,,,,,,,,,,,,,,,,,,,,,,,,,,4818000,5289000,5587000,6064000,6403000,6646000,6353000,6476000,6764000,6953000,7333000,8001000,8332000,8026000,7189000,7134000,7630000,7550000,8260000,8813000,9528000,10100000,10338000,10926000,10951000,
"Iran, Islamic Rep.",IRN,"International tourism, number of arrivals",ST.INT.ARVL,,,,,,,,,,,,,,,,,,,,,,,,,,,,,,,,,,,,452000,573000,764000,1008000,1321000,1342000,1402000,1585000,1546000,1659000,1889000,2735000,2219000,2034000,2116000,2938000,3354000,3834000,4769000,4968000,5237000,4942000,4867000,7295000,9107000,
Iraq,IRQ,"International tourism, number of arrivals",ST.INT.ARVL,,,,,,,,,,,,,,,,,,,,,,,,,,,,,,,,,,,,61000,51000,15000,45000,30000,78000,127000,,,,,,,864000,1262000,1518000,1510000,1111000,892000,,,,,,,
Iceland,ISL,"International tourism, number of arrivals",ST.INT.ARVL,,,,,,,,,,,,,,,,,,,,,,,,,,,,,,,,,,,,211000,223000,223000,255000,281000,328000,329000,315000,348000,405000,429000,477000,539000,561000,563000,559000,628000,765000,900000,1102000,1389000,1891000,2353000,2488000,2202000,
Israel,ISR,"International tourism, number of arrivals",ST.INT.ARVL,,,,,,,,,,,,,,,,,,,,,,,,,,,,,,,,,,,,2530000,2360000,2295000,2200000,2566000,2672000,1219000,862099.9756,,1505800.049,1916000,1834000,2294000,3034000,2740000,3444000,3362000,3520000,3540000,3251000,3109000,3070000,3863000,4389000,4905000,
Italy,ITA,"International tourism, number of arrivals",ST.INT.ARVL,,,,,,,,,,,,,,,,,,,,,,,,,,,,,,,,,,,,55706000,59805000,57998000,58499000,59521000,62702000,60960000,63561000,63026000,58480000,59230000,66353000,70271000,70719000,71692000,73225000,75866000,76293000,76762000,77694000,81068000,84925000,89931000,93228601.56,95399000,
Jamaica,JAM,"International tourism, number of arrivals",ST.INT.ARVL,,,,,,,,,,,,,,,,,,,,,,,,,,,,,,,,,,,,1752000,1821000,1904000,1899000,2013000,2230000,2117000,2131000,2483000,2515000,2615000,3016000,2880000,2859000,2753000,2832000,3077000,3306000,3274000,3504000,3692000,3837000,4276000,4319000,4233000,
Jordan,JOR,"International tourism, number of arrivals",ST.INT.ARVL,,,,,,,,,,,,,,,,,,,,,,,,,,,,,,,,,,,,3277000,3164000,3068000,3438000,3231000,2700000,3034000,4677000,4600000,5587000,5817000,6573000,6529000,7100000,7085000,8078000,6813000,6314000,5389000,5327000,4809000,4236000,4565000,4922000,5361000,
Japan,JPN,"International tourism, number of arrivals",ST.INT.ARVL,,,,,,,,,,,,,,,,,,,,,,,,,,,,,,,,,,,,3345000,3837000,4218000,4106000,4438000,4757000,4772000,5239000,5212000,6138000,6728000,7334000,8347000,8351000,6790000,8611000,6219000,8358000,10364000,13413000,19737000,24040000,28691000,31192000,31882000,
Kazakhstan,KAZ,"International tourism, number of arrivals",ST.INT.ARVL,,,,,,,,,,,,,,,,,,,,,,,,,,,,,,,,,,,,,202000,284000,257000,394000,1683000,2693000,3678000,3237000,4291000,4365000,4707000,5311000,4117000,3774000,4097000,5685000,6163000,6841000,6333000,6430000,6509000,7701000,8789000,8515000,
Kenya,KEN,"International tourism, number of arrivals",ST.INT.ARVL,,,,,,,,,,,,,,,,,,,,,,,,,,,,,,,,,,,,974000,1003000,1001000,894000,969000,1037000,994000,1001000,1146000,1361000,1479000,1601000,1817000,1203000,1490000,1609000,1823000,1711000,1520000,1350000,1181000,1340000,1449000,2025000,2049000,
Kyrgyz Republic,KGZ,"International tourism, number of arrivals",ST.INT.ARVL,,,,,,,,,,,,,,,,,,,,,,,,,,,,,,,,,,,,,,,290000,165000,173000,199000,183000,342000,398000,319000,766000,1656000,2379000,2451000,1224000,3025000,3393000,4134000,3791000,4000000,3853000,4568000,6947000,8508000,
Cambodia,KHM,"International tourism, number of arrivals",ST.INT.ARVL,,,,,,,,,,,,,,,,,,,,,,,,,,,,,,,,,,,,220000,260000,219000,287000,368000,466000,605000,787000,701000,1055000,1422000,1700000,2015000,2125000,2162000,2508000,2882000,3584000,4210000,4503000,4775000,5012000,5602000,6201000,6611000,
Kiribati,KIR,"International tourism, number of arrivals",ST.INT.ARVL,,,,,,,,,,,,,,,,,,,,,,,,,,,,,,,,,,,,,,,,20299.99924,13399.99962,14500,119500,130100.0061,63900.00153,50200.00076,10800.00019,32299.99924,,,,,,,8300.000191,8199.999809,7599.999905,7500,9000,12000,
St. Kitts and Nevis,KNA,"International tourism, number of arrivals",ST.INT.ARVL,,,,,,,,,,,,,,,,,,,,,,,,,,,,,,,,,,,,203000,172000,194000,250000,226000,247000,334000,240000,247000,383000,365000,350000,379000,533000,548000,624000,723000,666000,695000,818000,1036000,1055000,1194000,1278000,1107000,
"Korea, Rep.",KOR,"International tourism, number of arrivals",ST.INT.ARVL,,,,,,,,,,,,,,,,,,,,,,,,,,,,,,,,,,,,3753000,3684000,3908000,4250000,4660000,5322000,5147000,5347000,4753000,5818000,6023000,6155000,6448000,6891000,7818000,8798000,9795000,11140000,12176000,14202000,13232000,17242000,13336000,15347000,17503000,
Kuwait,KWT,"International tourism, number of arrivals",ST.INT.ARVL,,,,,,,,,,,,,,,,,,,,,,,,,,,,,,,,,,,,1443000,1565000,1638000,1763000,1884000,1944000,2072000,2316000,2602000,3056000,3474000,3899000,4482000,4736000,5088000,5208000,5574000,5729000,6217000,6528000,6941000,7055000,7407000,8508000,8565000,
Latin America & Caribbean (excluding high income),LAC,"International tourism, number of arrivals",ST.INT.ARVL,,,,,,,,,,,,,,,,,,,,,,,,,,,,,,,,,,,,119235365.6,122623692.1,124665363.7,128891481.1,131298246.8,135859883.6,129692402,127956844.1,122151038,132586688.1,139070007.6,136406000,134874000,135432000,129554000,126818000,122833000,125957000,128467000,135328600,144150000,154632000,163005000,162546006.4,163166702.3,
Lao PDR,LAO,"International tourism, number of arrivals",ST.INT.ARVL,,,,,,,,,,,,,,,,,,,,,,,,,,,,,,,,,,,,346000,403000,463000,500000,614000,737000,674000,736000,636000,895000,1095000,1215000,1624000,1737000,2008000,2513000,2724000,3330000,3779000,4159000,4684000,4239000,3869000,4186000,4791000,
Lebanon,LBN,"International tourism, number of arrivals",ST.INT.ARVL,,,,,,,,,,,,,,,,,,,,,,,,,,,,,,,,,,,,450000,424000,558000,631000,673000,742000,837000,956000,1016000,1278000,1140000,1063000,1017000,1333000,1844000,2168000,1655000,1366000,1274000,1355000,1518000,1688000,1857000,1964000,1936000,
Liberia,LBR,"International tourism, number of arrivals",ST.INT.ARVL,,,,,,,,,,,,,,,,,,,,,,,,,,,,,,,,,,,,,,,,,,,,,,,,,,,,,,,,,,,,,
Libya,LBY,"International tourism, number of arrivals",ST.INT.ARVL,,,,,,,,,,,,,,,,,,,,,,,,,,,,,,,,,,,,1832000,1276000,913000,850000,965000,963000,953000,858000,958000,,,125000,106000,760000,,,,,,,,,,,,
St. Lucia,LCA,"International tourism, number of arrivals",ST.INT.ARVL,,,,,,,,,,,,,,,,,,,,,,,,,,,,,,,,,,,,407000,422000,563000,629000,666000,727000,747000,648000,683000,791000,720000,670000,905000,925000,982000,984000,950000,889000,921000,987000,1031000,948000,1064000,1165000,1220000,
Latin America & Caribbean,LCN,"International tourism, number of arrivals",ST.INT.ARVL,,,,,,,,,,,,,,,,,,,,,,,,,,,,,,,,,,,,140092253.2,144211135.1,147781555.8,152443170.8,154421744.1,161344137.8,155629695.2,152946908.7,148079418.8,161109650.7,167838543.4,165381571.5,164049415.9,165004333,158418000.4,157334945.7,155232839.5,159169038.3,162604211.8,171230247.4,182041193.4,193554774.9,202719237.7,201521995.8,201852567.1,
Least developed countries: UN classification,LDC,"International tourism, number of arrivals",ST.INT.ARVL,,,,,,,,,,,,,,,,,,,,,,,,,,,,,,,,,,,,5573482.003,6780741.025,7085834.622,7225413.964,8096912.622,8565514.595,8985153.763,9991864.36,9886452.226,11349692.08,13194289.19,14796722.43,17311748.9,18336402.41,18936267.34,20843524.12,23599037.47,26425771.78,29468424.8,32161212.3,34049200.35,33156098.93,35121503.46,39299842.59,41000895.37,
Low income,LIC,"International tourism, number of arrivals",ST.INT.ARVL,,,,,,,,,,,,,,,,,,,,,,,,,,,,,,,,,,,,5803806.505,6513581.016,6401015.134,6329492.04,6517806.009,7770818.188,8353565.423,10771706.49,10950181.62,13391546.98,13631953.55,14533013.02,15429760.74,17979912.14,19378666.76,24008507.87,20193640.47,,,,,,,,,
Liechtenstein,LIE,"International tourism, number of arrivals",ST.INT.ARVL,,,,,,,,,,,,,,,,,,,,,,,,,,,,,,,,,,,,59000,56000,57000,59000,60000,61599.99847,56500,48700.00076,49000,48500,49799.99924,54900.00153,72800.00305,72900.00153,66500,64300.00305,67000,62400.00153,59599.99847,61299.99924,56700.00076,69099.99847,79300.00305,85300.00305,98099.99847,
Sri Lanka,LKA,"International tourism, number of arrivals",ST.INT.ARVL,,,,,,,,,,,,,,,,,,,,,,,,,,,,,,,,,,,,414000,315000,384000,409000,465000,445000,397000,457000,583000,681000,669000,689000,592000,526000,538000,766000,976000,1133000,1415000,1665000,1993000,2168000,2248000,2521000,2027000,
Lower middle income,LMC,"International tourism, number of arrivals",ST.INT.ARVL,,,,,,,,,,,,,,,,,,,,,,,,,,,,,,,,,,,,32474602.61,35901787.82,46673191.86,44164828.85,47117751.42,49965181.09,50202968.63,52431449.19,57417562.85,68722874.87,74919941.71,81679359.73,96846298.27,103801655.8,100188081.7,107847477.1,105266470.8,114228558.5,118688283.6,115471516.3,118219435.3,118941836.3,134927827.5,154398641,166759481.5,
Low & middle income,LMY,"International tourism, number of arrivals",ST.INT.ARVL,,,,,,,,,,,,,,,,,,,,,,,,,,,,,,,,,,,,264941249.4,283912944.2,306058260,311461097.9,331307776.3,360569901.8,367180244.2,387561385.6,376846048.5,433832161,466613373.6,482941085.7,519501502.7,536856672.2,524390614,553283097.3,558876355.5,580842287.6,598979995.5,605978378.9,627769371.1,642928500,697719448.8,746305248.8,776460093.1,
Lesotho,LSO,"International tourism, number of arrivals",ST.INT.ARVL,,,,,,,,,,,,,,,,,,,,,,,,,,,,,,,,,,,,209000,312000,313000,290000,308000,302000,295000,287000,329000,304000,304000,357000,300000,293000,344000,426000,398000,423000,433000,1079000,1082000,1196000,1137000,1173000,1142000,
Late-demographic dividend,LTE,"International tourism, number of arrivals",ST.INT.ARVL,,,,,,,,,,,,,,,,,,,,,,,,,,,,,,,,,,,,208726880.6,226458982,237060589.3,246545489.9,266217659.7,284253258.6,271213960,272906962.6,267562909.2,312413443.5,331644843.5,347355982.8,369420014.6,367075985.6,353528962.1,375168918.8,394674498.5,413361747.6,430928983.2,437115970.8,460461683.6,479145118.7,508820312.7,532235103.2,549832276.9,
Lithuania,LTU,"International tourism, number of arrivals",ST.INT.ARVL,,,,,,,,,,,,,,,,,,,,,,,,,,,,,,,,,,,,2600000,3497000,3702000,4287000,4454000,4092000,4195000,3999000,3635000,,,,4251000,4459000,4001000,4073000,4504000,4979000,5264000,5217000,5048000,5322000,5590000,6115000,6150000,
Luxembourg,LUX,"International tourism, number of arrivals",ST.INT.ARVL,,,,,,,,,,,,,,,,,,,,,,,,,,,,,,,,,,,,768000,724000,778000,789000,863000,852000,836000,885000,867000,878000,913000,908000,914000,877000,847000,805000,874000,950000,945000,1038000,1090000,1054000,1046000,1018000,1041000,
Latvia,LVA,"International tourism, number of arrivals",ST.INT.ARVL,,,,,,,,,,,,,,,,,,,,,,,,,,,,,,,,,,,,1633000,1750000,1842000,1788000,1738000,1882000,2061000,2297000,2524000,3127000,3791000,4649000,5209000,5496000,4727000,5042000,5538000,5569000,5822000,6246000,6842000,6797000,7726000,7775000,8342000,
"Macao SAR, China",MAC,"International tourism, number of arrivals",ST.INT.ARVL,,,,,,,,,,,,,,,,,,,,,,,,,,,,,,,,,,,,7752000,8151000,7000000,6949000,7444000,9162000,10279000,11531000,11888000,16673000,18711000,21998000,27003000,22933000,21753000,24965000,28002000,28082000,29325000,31526000,30715000,30950000,32611000,35804000,39406000,
St. Martin (French part),MAF,"International tourism, number of arrivals",ST.INT.ARVL,,,,,,,,,,,,,,,,,,,,,,,,,,,,,,,,,,,,,,,,,,,,,,,,,,,,,,,,,,,,,
Morocco,MAR,"International tourism, number of arrivals",ST.INT.ARVL,,,,,,,,,,,,,,,,,,,,,,,,,,,,,,,,,,,,2752000,2856000,3203000,3267000,4088000,4458000,4596000,4709000,5021000,5732000,6077000,6777000,7701000,8209000,8661000,9752000,9784000,9830000,10349000,10507000,10542000,10677000,11540000,12489000,13109000,
Monaco,MCO,"International tourism, number of arrivals",ST.INT.ARVL,,,,,,,,,,,,,,,,,,,,,,,,,,,,,,,,,,,,233000,226000,259000,278000,278000,300000,270000,263000,235000,250000,286000,313000,328000,324000,265000,279000,295000,292000,328000,329000,331000,336000,355000,347000,363000,
Moldova,MDA,"International tourism, number of arrivals",ST.INT.ARVL,,,,,,,,,,,,,,,,,,,,,,,,,,,,,,,,,,,,32000,29000,21000,19000,14000,18000,16000,18000,21000,69000,67000,63000,70000,73000,60000,64000,75000,89000,95599.99847,93900.00153,94400.00153,121000,145000,160000,174000,
Madagascar,MDG,"International tourism, number of arrivals",ST.INT.ARVL,,,,,,,,,,,,,,,,,,,,,,,,,,,,,,,,,,,,115000,,,,,,,,,,,,,,,,,,,,282000,333000,285000,360000,486000,
Maldives,MDV,"International tourism, number of arrivals",ST.INT.ARVL,,,,,,,,,,,,,,,,,,,,,,,,,,,,,,,,,,,,315000,339000,366000,396000,430000,467000,461000,485000,564000,617000,395000,602000,676000,683000,656000,792000,931000,958000,1125000,1205000,1234000,1286000,1390000,1484000,1703000,
Middle East & North Africa,MEA,"International tourism, number of arrivals",ST.INT.ARVL,,,,,,,,,,,,,,,,,,,,,,,,,,,,,,,,,,,,33738547.39,33891567.36,35265313.03,37324763.39,42303423.3,45831356.39,45409069.77,51074860.06,53924044.57,63794511.33,66496375.43,71983911.25,79257893.58,91988031.38,90394679.29,104257927.4,89459860.4,99646496.18,100658078.7,106497610.6,102958084.4,101072316.2,108212301.3,118827483.3,127987047.7,
Mexico,MEX,"International tourism, number of arrivals",ST.INT.ARVL,,,,,,,,,,,,,,,,,,,,,,,,,,,,,,,,,,,,85446000,90394000,92915000,95214000,99869000,105673000,100718000,100153000,92330000,99250000,103146000,97701000,93582000,92948000,88044000,81953000,75732000,76749000,78100000,81042000,87129000,94853000,99349000,96497000,97406000,
Marshall Islands,MHL,"International tourism, number of arrivals",ST.INT.ARVL,,,,,,,,,,,,,,,,,,,,,,,,,,,,,,,,,,,,5500,6199.999809,6400.000095,6400.000095,4599.999905,5199.999809,5400.000095,6000,7199.999809,9000,9199.999809,5800.000191,7199.999809,6000,5400.000095,4599.999905,4599.999905,4599.999905,,4900.000095,6300.000191,5400.000095,6000,6800.000191,6099.999905,
Middle income,MIC,"International tourism, number of arrivals",ST.INT.ARVL,,,,,,,,,,,,,,,,,,,,,,,,,,,,,,,,,,,,255198692.4,273274857.5,295005951.7,300337183.8,319619136.7,347394981.1,353471181.8,371698134.5,361082270.9,415122233.8,447039827.7,462380153.7,497536329.2,512636749.8,499336428.7,524109296.9,532656953.9,553333768.3,570622308.4,577264831.3,598674728.8,612988911.1,665251687.3,709444078.4,738732258,
North Macedonia,MKD,"International tourism, number of arrivals",ST.INT.ARVL,,,,,,,,,,,,,,,,,,,,,,,,,,,,,,,,,,,,147000,136000,121000,157000,181000,224000,99000,123000,158000,165000,197000,202000,230000,255000,259000,262000,327000,351000,400000,425000,486000,510000,631000,707000,758000,
Mali,MLI,"International tourism, number of arrivals",ST.INT.ARVL,,,,,,,,,,,,,,,,,,,,,,,,,,,,,,,,,,,,42000,98000,75000,83000,82000,86000,89000,96000,110000,113000,143000,153000,164000,190000,160000,169000,160000,134000,142000,168000,159000,173000,193000,203000,217000,
Malta,MLT,"International tourism, number of arrivals",ST.INT.ARVL,,,,,,,,,,,,,,,,,,,,,,,,,,,,,,,,,,,,1193000,1123000,1238000,1326000,1402000,1387000,1439000,1483000,1512000,1428000,1484000,1521000,1723000,1832000,1608000,1815000,1916000,2007000,2013000,2162000,2383000,2592000,2944000,3232000,3519000,
Myanmar,MMR,"International tourism, number of arrivals",ST.INT.ARVL,,,,,,,,,,,,,,,,,,,,,,,,,,,,,,,,,,,,194000,490000,491000,478000,435000,416000,475000,487000,597000,657000,660000,630000,716000,731000,763000,792000,816000,1059000,2044000,3081000,4681000,2907000,3443000,3551000,4364000,
Middle East & North Africa (excluding high income),MNA,"International tourism, number of arrivals",ST.INT.ARVL,,,,,,,,,,,,,,,,,,,,,,,,,,,,,,,,,,,,19168205.07,19487150.35,20026423.72,20861945.96,23789286.51,25562863.23,25729063.86,29028156.06,30642631.2,37524879.34,38901412.34,41959297.7,44574708.82,50370688.41,53272323.7,62849067.81,50207090.09,53340485.69,51816035.92,51905998.48,47179965.3,42538915.67,49917442.87,60463911.9,67608256.18,
Montenegro,MNE,"International tourism, number of arrivals",ST.INT.ARVL,,,,,,,,,,,,,,,,,,,,,,,,,,,,,,,,,,,,,,,,,,,136000,142000,188000,272000,378000,984000,1031000,1044000,1088000,1201000,1264000,1324000,1350000,1560000,1662000,1877000,2077000,2510000,
Mongolia,MNG,"International tourism, number of arrivals",ST.INT.ARVL,,,,,,,,,,,,,,,,,,,,,,,,,,,,,,,,,,,,108000,71000,82000,197000,160000,158000,192000,235000,205000,305000,345000,408000,455000,469000,465000,557000,627000,624000,515000,506000,467000,471000,543000,598000,637000,
Northern Mariana Islands,MNP,"International tourism, number of arrivals",ST.INT.ARVL,,,,,,,,,,,,,,,,,,,,,,,,,,,,,,,,,,,,676000,736000,695000,490000,502000,529000,444000,476000,459000,536000,507000,436000,389000,397000,354000,379000,341000,401000,439000,460000,479000,531000,660000,518000,487000,
Mozambique,MOZ,"International tourism, number of arrivals",ST.INT.ARVL,,,,,,,,,,,,,,,,,,,,,,,,,,,,,,,,,,,,,,,,,,404000,943000,726000,711000,954000,1095000,1259000,1439000,1711000,1836000,2013000,2206000,1970000,1751000,1634000,1715000,1514000,2870000,2033000,
Mauritania,MRT,"International tourism, number of arrivals",ST.INT.ARVL,,,,,,,,,,,,,,,,,,,,,,,,,,,,,,,,,,,,,,,,24000,30000,,,,,,,,,,,,,,,,,,,,
Mauritius,MUS,"International tourism, number of arrivals",ST.INT.ARVL,,,,,,,,,,,,,,,,,,,,,,,,,,,,,,,,,,,,437000,509000,558000,579000,600000,678000,675000,709000,721000,739000,782000,807000,933000,970000,890000,956000,983000,984000,1015000,1065000,1174000,1307000,1371000,1431000,1418000,
Malawi,MWI,"International tourism, number of arrivals",ST.INT.ARVL,,,,,,,,,,,,,,,,,,,,,,,,,,,,,,,,,,,,192000,194000,207000,220000,254000,228000,266000,383000,424000,427000,438000,638000,735000,742000,755000,746000,767000,770000,795000,819000,805000,849000,837000,871000,,
Malaysia,MYS,"International tourism, number of arrivals",ST.INT.ARVL,,,,,,,,,,,,,,,,,,,,,,,,,,,,,,,,,,,,7469000,7138000,6211000,5551000,7931000,10222000,12775000,13292000,10577000,15703000,16431000,17547000,20973000,22052000,23646000,24577000,24714000,25033000,25715000,27437000,25721000,26757000,25948000,25832000,26101000,
North America,NAC,"International tourism, number of arrivals",ST.INT.ARVL,,,,,,,,,,,,,,,,,,,,,,,,,,,,,,,,,,,,121946000,126582000,128163000,123389000,125400000,127520000,118580000,109814000,101468000,106929000,108161000,217203000,206332000,203623000,185758000,188476000,172989421.9,197557890.6,205052906.3,204449359.4,205016531.3,206045484.4,206060750,201364921.9,199244000,
Namibia,NAM,"International tourism, number of arrivals",ST.INT.ARVL,,,,,,,,,,,,,,,,,,,,,,,,,,,,,,,,,,,,421000,560000,610000,681000,694000,759000,700000,799000,739000,986000,856000,961000,1048000,1079000,1100000,1114000,1163000,1245000,1327000,1429000,1488000,1551000,1581000,1639000,1651000,
New Caledonia,NCL,"International tourism, number of arrivals",ST.INT.ARVL,,,,,,,,,,,,,,,,,,,,,,,,,,,,,,,,,,,,122000,138000,139000,127000,151000,161000,152000,158000,166000,177000,182000,219000,227000,256000,230000,282000,348000,390000,494000,529000,558000,625000,626000,576000,474000,
Niger,NER,"International tourism, number of arrivals",ST.INT.ARVL,,,,,,,,,,,,,,,,,,,,,,,,,,,,,,,,,,,,35000,68000,68000,41000,39000,50000,52000,39000,55000,57000,58000,60000,48000,73000,66000,74000,82000,94000,123000,135000,135000,152000,164000,157000,192000,
Nigeria,NGA,"International tourism, number of arrivals",ST.INT.ARVL,,,,,,,,,,,,,,,,,,,,,,,,,,,,,,,,,,,,1031000,1230000,1292000,1357000,1425000,1492000,1753000,2046000,2253000,2646000,2778000,3056000,5239000,5820000,6053000,6113000,3765000,4673000,4038000,4803000,6017000,5265000,,,,
Nicaragua,NIC,"International tourism, number of arrivals",ST.INT.ARVL,,,,,,,,,,,,,,,,,,,,,,,,,,,,,,,,,,,,341000,388000,453000,483000,530000,581000,584000,579000,646000,735000,804000,891000,978000,1011000,1010000,1071000,1122000,1233000,1273000,1390000,1456000,1596000,1958000,1412000,1455000,
Netherlands,NLD,"International tourism, number of arrivals",ST.INT.ARVL,,,,,,,,,,,,,,,,,,,,,,,,,,,,,,,,,,,,6574000,6580000,7841000,9312000,9874000,10003000,9500000,9595000,9181000,9646000,10012000,10739000,11008000,10104000,9921000,10883000,11300000,11680000,12783000,13925000,15007000,15828000,17924000,18780000,20129000,
Norway,NOR,"International tourism, number of arrivals",ST.INT.ARVL,,,,,,,,,,,,,,,,,,,,,,,,,,,,,,,,,,,,2880000,2746000,2702000,3256000,3223000,3104000,3073000,3111000,3269000,3628000,3824000,4070000,4377000,4347000,4346000,4767000,4963000,4538000,4778000,4855000,5361000,5960000,6252000,5688000,5879000,
Nepal,NPL,"International tourism, number of arrivals",ST.INT.ARVL,,,,,,,,,,,,,,,,,,,,,,,,,,,,,,,,,,,,363000,394000,422000,464000,492000,464000,361000,275000,338000,385000,375000,384000,527000,500000,510000,603000,736000,803000,798000,790000,539000,753000,940000,1173000,1197000,
Nauru,NRU,"International tourism, number of arrivals",ST.INT.ARVL,,,,,,,,,,,,,,,,,,,,,,,,,,,,,,,,,,,,,,,,,,,,,,,,,,,,,,,,,,,,,
New Zealand,NZL,"International tourism, number of arrivals",ST.INT.ARVL,,,,,,,,,,,,,,,,,,,,,,,,,,,,,,,,,,,,1409000,1529000,1497000,1485000,1607000,1787000,1909000,2045000,2104000,2334000,2366000,2409000,2455000,2483000,2473000,2530000,2617000,2574000,2710000,2854000,3129000,3494000,3723000,3858000,3888000,
OECD members,OED,"International tourism, number of arrivals",ST.INT.ARVL,,,,,,,,,,,,,,,,,,,,,,,,,,,,,,,,,,,,781386871.5,816853691.6,842073937.7,854438090.1,867766074.1,898336238.8,842177987.8,830176778.2,814163168.7,867550552.4,900097837.9,1037647925,1038107023,1032355534,993364415.3,1004224150,1019162411,1068998546,1108617704,1141890945,1177606085,1220720319,1274720885,1306540311,1338831082,
Oman,OMN,"International tourism, number of arrivals",ST.INT.ARVL,,,,,,,,,,,,,,,,,,,,,,,,,,,,,,,,,,,,,,,,,,1095000,1112000,1210000,1407000,1101000,1385000,1360000,1540000,1584000,1500000,1393000,1714000,1923000,2225000,2634000,3207000,3178000,3242000,3506000,
Other small states,OSS,"International tourism, number of arrivals",ST.INT.ARVL,,,,,,,,,,,,,,,,,,,,,,,,,,,,,,,,,,,,16652119.27,16883667.81,18570111.72,19110481.74,20547389.64,22028654.64,22699583.12,23251643.31,23525106.49,25484888.27,25761318.53,27999916.15,30898966.04,32780642.47,32486504.56,37843566.16,33747412.99,36199883.01,39516963.6,42941757.49,43653648.12,46851127.1,49979552.76,51524462.84,51930012.47,
Pakistan,PAK,"International tourism, number of arrivals",ST.INT.ARVL,,,,,,,,,,,,,,,,,,,,,,,,,,,,,,,,,,,,378000,369000,375000,429000,432000,557000,500000,498000,501000,648000,798000,898000,840000,823000,855000,907000,1161000,966000,,,,,,,,
Panama,PAN,"International tourism, number of arrivals",ST.INT.ARVL,,,,,,,,,,,,,,,,,,,,,,,,,,,,,,,,,,,,417000,443000,504000,529000,555000,600000,737000,800000,897000,1004000,1070000,1215000,1428000,1575000,1562000,1726000,2004000,2086000,2202000,2305000,2553000,2379000,2517000,2487000,2494000,
Peru,PER,"International tourism, number of arrivals",ST.INT.ARVL,,,,,,,,,,,,,,,,,,,,,,,,,,,,,,,,,,,,,,,,,,,,,1650000,1938000,2227000,2451000,2581000,2681000,2948000,3299000,3642000,4010000,4062000,4381000,4718000,4992000,5384000,5275000,
Philippines,PHL,"International tourism, number of arrivals",ST.INT.ARVL,,,,,,,,,,,,,,,,,,,,,,,,,,,,,,,,,,,,1760000,2049000,2223000,2149000,2171000,1992000,1797000,1933000,1907000,2291000,2623000,2843000,3092000,3139000,3017000,3520000,3917000,4273000,4681000,4833000,5361000,5967000,6621000,7168000,8261000,
Palau,PLW,"International tourism, number of arrivals",ST.INT.ARVL,,,,,,,,,,,,,,,,,,,,,,,,,,,,,,,,,,,,53000,69000,74000,64000,55000,58000,54000,59000,63000,89000,81000,82000,88000,81000,71000,85000,111000,120000,108000,140000,162000,138000,123000,106000,94000,
Papua New Guinea,PNG,"International tourism, number of arrivals",ST.INT.ARVL,,,,,,,,,,,,,,,,,,,,,,,,,,,,,,,,,,,,,,,,,,,,,,,,,120000,126000,146000,165000,175000,182000,191000,199000,198000,182000,195000,211000,
Poland,POL,"International tourism, number of arrivals",ST.INT.ARVL,,,,,,,,,,,,,,,,,,,,,,,,,,,,,,,,,,,,82244000,87439000,87817000,88592000,89118000,84515000,61431000,50735000,52130000,61918000,64606000,65115000,66208000,59935000,53840000,58340000,60745000,67390000,72310000,73750000,77743000,80476000,83804000,85946000,88515000,
Pre-demographic dividend,PRE,"International tourism, number of arrivals",ST.INT.ARVL,,,,,,,,,,,,,,,,,,,,,,,,,,,,,,,,,,,,5604094.719,6361336.482,6655188.861,6706266.206,7482302.792,7836650.595,8489704.811,9597982.873,9756308.311,11371716.19,12787723.66,14207513.32,17963991.87,18545304.58,19842113.52,21206463.38,20093300.35,21339533.62,20780542.21,21408619.23,24064888.69,24362726.94,,,,
Puerto Rico,PRI,"International tourism, number of arrivals",ST.INT.ARVL,,,,,,,,,,,,,,,,,,,,,,,,,,,,,,,,,,,,4087000,4110000,4350000,4671000,4221000,4566000,4908000,4364000,4402000,4889000,5073000,5022000,5062000,5213000,4415000,4379000,4214000,4197000,4210000,4456000,5051000,5003000,4927000,4260000,4931000,
"Korea, Dem. Peoples Rep.",PRK,"International tourism, number of arrivals",ST.INT.ARVL,,,,,,,,,,,,,,,,,,,,,,,,,,,,,,,,,,,,,,,,,,,,,,,,,,,,,,,,,,,,,
Portugal,PRT,"International tourism, number of arrivals",ST.INT.ARVL,,,,,,,,,,,,,,,,,,,,,,,,,,,,,,,,,,,,9511000,9730000,10172000,11295000,11632000,12097000,12167000,11644000,11707000,10639000,10612000,11282000,6788000,6962000,6439000,6756000,7264000,7503000,9177000,10497000,11723000,13359000,15432000,16186000,17174000,
Paraguay,PRY,"International tourism, number of arrivals",ST.INT.ARVL,,,,,,,,,,,,,,,,,,,,,,,,,,,,,,,,,,,,15678000,12868000,10955000,9818000,6569000,3924000,3550000,3194000,2859000,2589000,2648000,2830000,3005000,3118000,3183000,3171000,3365000,3655000,3538000,3455000,4102000,4318000,4744000,4183000,4368000,
West Bank and Gaza,PSE,"International tourism, number of arrivals",ST.INT.ARVL,,,,,,,,,,,,,,,,,,,,,,,,,,,,,,,,,,,,,220000,210000,200000,300000,310000,43000,33000,37000,56000,88000,123000,264000,387000,396000,522000,449000,490000,545000,556000,432000,400000,503000,606000,688000,
Pacific island small states,PSS,"International tourism, number of arrivals",ST.INT.ARVL,,,,,,,,,,,,,,,,,,,,,,,,,,,,,,,,,,,,,,,,,,,,,,,,1082228.467,1202558.034,1241227.856,1349967.004,1427095.933,1519503.137,1571298.374,1590536.611,1675831.869,1836886.927,1885809.472,1928869.84,1752269.772,
Post-demographic dividend,PST,"International tourism, number of arrivals",ST.INT.ARVL,,,,,,,,,,,,,,,,,,,,,,,,,,,,,,,,,,,,625506506.7,654992725.4,686264932,686678006.6,702246548.4,745500956.8,734362506.1,745620332.4,739424033.8,791914175.2,822568061,972284577.7,984896479.7,981136584.6,943253696.7,968795923.9,994042514.7,1040611729,1080304354,1105378388,1128129854,1175947745,1223167398,1257774890,1275198370,
French Polynesia,PYF,"International tourism, number of arrivals",ST.INT.ARVL,,,,,,,,,,,,,,,,,,,,,,,,,,,,,,,,,,,,186000,184000,201000,211000,236000,,,,,,,,243000,227000,190000,179000,196000,210000,214000,228000,239000,241000,254000,264000,300000,
Qatar,QAT,"International tourism, number of arrivals",ST.INT.ARVL,,,,,,,,,,,,,,,,,,,,,,,,,,,,,,,,,,,,,,,,,,,,,,,,,,1482000,1700000,2057000,2324000,2612000,2839000,2941000,2938000,2256000,1819000,2136500,
Romania,ROU,"International tourism, number of arrivals",ST.INT.ARVL,,,,,,,,,,,,,,,,,,,,,,,,,,,,,,,,,,,,5445000,5205000,5149000,4831000,5224000,5264000,4938000,4794000,5595000,6600000,5839000,6037000,7722000,8862000,7575000,7498000,7611000,7937000,8019000,8442000,9331000,10223000,10926000,11720000,12815000,
Russian Federation,RUS,"International tourism, number of arrivals",ST.INT.ARVL,,,,,,,,,,,,,,,,,,,,,,,,,,,,,,,,,,,,10290000,16208000,17463000,16188000,18820000,21169000,21595000,23309000,22521000,22064000,22201000,22486000,22909000,23676000,21339000,22281000,24932000,28177000,30792000,32421000,33729000,24571000,24390000,24551000,24419000,
Rwanda,RWA,"International tourism, number of arrivals",ST.INT.ARVL,,,,,,,,,,,,,,,,,,,,,,,,,,,,,,,,,,,,,,,,,,,,,,,531000,610000,669000,664000,667000,908000,1061000,1122000,1220000,1298000,1377000,1570000,1711000,1634000,
South Asia,SAS,"International tourism, number of arrivals",ST.INT.ARVL,,,,,,,,,,,,,,,,,,,,,,,,,,,,,,,,,,,,3820368.619,3943888.579,4180143.398,4309157.657,4559453.46,4872221.467,4547447.402,4386891.801,5049972.186,6174166.627,6488969.56,7363682.167,8167172.393,8455114.312,8156997.767,9181582.618,10516493.57,10889902.34,11772323.31,19050898.28,19383064.35,21438691.39,23053667.15,25882111.54,26260132.18,
Saudi Arabia,SAU,"International tourism, number of arrivals",ST.INT.ARVL,,,,,,,,,,,,,,,,,,,,,,,,,,,,,,,,,,,,4398000,,,,,,,,,11083000,10417000,10962000,13479000,17717000,13319000,13025000,15776000,19847000,19934000,23010000,21834000,20887000,18607000,17570000,20292000,
Sudan,SDN,"International tourism, number of arrivals",ST.INT.ARVL,,,,,,,,,,,,,,,,,,,,,,,,,,,,,,,,,,,,29000,38000,30000,36000,39000,38000,50000,52000,52000,61000,246000,328000,436000,440000,420000,495000,536000,575000,591000,684000,741000,800000,813000,836000,,
Senegal,SEN,"International tourism, number of arrivals",ST.INT.ARVL,,,,,,,,,,,,,,,,,,,,,,,,,,,,,,,,,,,,,,,,,,,,502000,677000,779000,876000,879000,877000,815000,906000,977000,967000,1069000,976000,1014000,1219000,1376000,,,
Singapore,SGP,"International tourism, number of arrivals",ST.INT.ARVL,,,,,,,,,,,,,,,,,,,,,,,,,,,,,,,,,,,,7137000,7292000,7198000,6242000,6958000,7691000,7522000,7567000,6127000,8329000,8943000,9751000,10285000,10116000,9683000,11642000,13171000,14496000,15568000,15095000,15231500,16403000,17425000,18508000,19116000,
Solomon Islands,SLB,"International tourism, number of arrivals",ST.INT.ARVL,,,,,,,,,,,,,,,,,,,,,,,,,,,,,,,,,,,,11800.00019,10300.00019,13800.00019,15800.00019,,5199.999809,,,6599.999905,5599.999905,9399.999619,11500,13699.99981,16299.99924,18299.99924,20500,22899.99962,23899.99962,24399.99962,20100.00038,21600.00038,23200.00076,25700.00076,27899.99962,28899.99962,
Sierra Leone,SLE,"International tourism, number of arrivals",ST.INT.ARVL,,,,,,,,,,,,,,,,,,,,,,,,,,,,,,,,,,,,,,,,,,,,,,,,,,,,,75000,95000,53000,31000,60000,59000,66000,71000,
El Salvador,SLV,"International tourism, number of arrivals",ST.INT.ARVL,,,,,,,,,,,,,,,,,,,,,,,,,,,,,,,,,,,,,,,,,867000,804000,885000,798000,1030000,1306000,1501000,1720000,1875000,1482000,1606000,1634000,1738000,1822000,1886000,1973000,2052000,2247000,2536000,2639000,
San Marino,SMR,"International tourism, number of arrivals",ST.INT.ARVL,,,,,,,,,,,,,,,,,,,,,,,,,,,,,,,,,,,,3368000,3345000,3308000,3264000,3148000,3071000,3036000,3102000,2882000,2812000,2107000,2136000,2164000,2112000,2056000,1976000,2038000,1869000,1905000,2004000,1888000,2000000,1937000,1874000,1904000,
Somalia,SOM,"International tourism, number of arrivals",ST.INT.ARVL,,,,,,,,,,,,,,,,,,,,,,,,,,,,,,,,,,,,,,,,,,,,,,,,,,,,,,,,,,,,,
Serbia,SRB,"International tourism, number of arrivals",ST.INT.ARVL,,,,,,,,,,,,,,,,,,,,,,,,,,,,,,,,,,,,,,,,,,,312000,339000,392000,453000,469000,696000,646000,645000,683000,764000,810000,922000,1029000,1132000,1281000,1497000,1711000,1847000,
Sub-Saharan Africa (excluding high income),SSA,"International tourism, number of arrivals",ST.INT.ARVL,,,,,,,,,,,,,,,,,,,,,,,,,,,,,,,,,,,,13632324.02,15398852.35,15938175.15,17041454.25,18384146.54,18587065.45,19522444.67,21119952.55,21873284,23615708.67,25217880.15,28543553.61,33257278.76,34281300.56,35324097.67,38846810.3,38981704.23,41405712.1,42858624.81,44563836.53,46825004.85,48863086.07,50391736.08,54074771.97,53270366.17,
South Sudan,SSD,"International tourism, number of arrivals",ST.INT.ARVL,,,,,,,,,,,,,,,,,,,,,,,,,,,,,,,,,,,,,,,,,,,,,,,,,,,,,,,,,,,,,
Sub-Saharan Africa,SSF,"International tourism, number of arrivals",ST.INT.ARVL,,,,,,,,,,,,,,,,,,,,,,,,,,,,,,,,,,,,14235097.97,16095057.4,16679126.21,17804421.37,19167050.16,19460489.22,20392464.7,22025446.39,22784830.14,24546596.5,26204878.32,29578662.6,34451210.79,35516939.18,36477625.67,40085379.62,40255802.45,42687021.43,44195478.78,45956219.45,48394851.16,50612066.65,52268614.25,56031020.83,55251253.91,
Small states,SST,"International tourism, number of arrivals",ST.INT.ARVL,,,,,,,,,,,,,,,,,,,,,,,,,,,,,,,,,,,,26659133.55,27468608.82,29505213.5,30118516.03,32075926.27,34760606.15,35220637.74,36077672.31,37601048.72,41551975.39,40878671.6,43411028.81,46489926.99,48006929.52,48532331.15,54588698.09,51413349.81,53990321.18,57365539.38,61764971.8,63174458.32,66928246.68,70955544.71,73804828.3,74170634.25,
Sao Tome and Principe,STP,"International tourism, number of arrivals",ST.INT.ARVL,,,,,,,,,,,,,,,,,,,,,,,,,,,,,,,,,,,,6199.999809,6400.000095,4800.000191,5599.999905,5800.000191,7099.999905,7500,9199.999809,10000,10600.00038,15800.00019,12300.00019,11800.00019,14500,15199.99981,8000,12199.99981,,,,25600.00038,28899.99962,28899.99962,33400.00153,,
Suriname,SUR,"International tourism, number of arrivals",ST.INT.ARVL,,,,,,,,,,,,,,,,,,,,,,,,,,,,,,,,,,,,69000,74000,78000,70000,72000,72000,68000,,100000,,,154000,167000,151000,151000,206000,221000,240000,250000,253000,229000,257000,279000,,,
Slovak Republic,SVK,"International tourism, number of arrivals",ST.INT.ARVL,,,,,,,,,,,,,,,,,,,,,,,,,,,,,,,,,,,,,,,,,,,,,,,,,,,,,,12583000,11556000,14936000,17376000,15406000,,,
Slovenia,SVN,"International tourism, number of arrivals",ST.INT.ARVL,,,,,,,,,,,,,,,,,,,,,,,,,,,,,,,,,,,,732000,832000,974000,977000,884000,1090000,1219000,1302000,1373000,1499000,1555000,1617000,1751000,1958000,1824000,2049000,2236000,2377000,2502000,2675000,3022000,3397000,3991000,4425000,4702000,
Sweden,SWE,"International tourism, number of arrivals",ST.INT.ARVL,,,,,,,,,,,,,,,,,,,,,,,,,,,,,,,,,,,,2310000,2376000,2388000,2573000,2595000,3828000,4108000,4276000,4268000,4676000,4883000,4729000,5224000,4555000,4899000,5183000,11567000,12372000,10980000,10522000,6482000,6782000,7054000,7440000,7616000,
Eswatini,SWZ,"International tourism, number of arrivals",ST.INT.ARVL,,,,,,,,,,,,,,,,,,,,,,,,,,,,,,,,,,,,,1337000,1635000,986000,1253000,1151000,1312000,1371000,1543000,,1182000,1200000,1230000,1186000,1344000,1343000,1328000,1278000,1299000,1325000,1256000,1279000,1343000,1277000,1226000,
Sint Maarten (Dutch part),SXM,"International tourism, number of arrivals",ST.INT.ARVL,,,,,,,,,,,,,,,,,,,,,,,,,,,,,,,,,,,,1024000,1022000,1325000,1339000,1061000,1300000,1271000,1436000,1600000,1823000,1956000,1890000,1891000,1821000,1655000,1956000,2080000,2210000,2253000,2502000,2407000,2197000,1640000,1775000,1952000,
Seychelles,SYC,"International tourism, number of arrivals",ST.INT.ARVL,,,,,,,,,,,,,,,,,,,,,,,,,,,,,,,,,,,,127000,142000,136000,134000,130000,140000,138000,135000,127000,126000,135000,151000,171000,173000,178000,191000,210000,216000,237000,239000,296000,333000,382000,405000,428000,
Syrian Arab Republic,SYR,"International tourism, number of arrivals",ST.INT.ARVL,,,,,,,,,,,,,,,,,,,,,,,,,,,,,,,,,,,,2253000,2435000,2332000,2464000,2682000,3412000,3671000,4678000,4837000,6334000,5859000,5682000,5434000,6951000,7721000,10970000,6476000,,,,,1043000,1291000,1802000,2424000,
Turks and Caicos Islands,TCA,"International tourism, number of arrivals",ST.INT.ARVL,,,,,,,,,,,,,,,,,,,,,,,,,,,,,,,,,,,,,,,,,,,,,,,,,757000,865000,899000,1010000,968000,1069000,1330000,1316000,1296000,1243000,1463000,1599000,
Chad,TCD,"International tourism, number of arrivals",ST.INT.ARVL,,,,,,,,,,,,,,,,,,,,,,,,,,,,,,,,,,,,19000,20000,27000,41000,46000,43000,57000,32000,21000,26000,29000,46000,77000,61000,70000,71000,77000,86000,97000,119000,120000,98000,87000,,,
East Asia & Pacific (IDA & IBRD countries),TEA,"International tourism, number of arrivals",ST.INT.ARVL,,,,,,,,,,,,,,,,,,,,,,,,,,,,,,,,,,,,69854332.2,76267080.28,82318011.76,87402944.21,100508510.4,115003793.6,123940020.9,134844538.3,124199857.2,150910330.4,163957303.1,172623034.8,186126580.1,186642141.5,184116694.8,197696683.6,205579341.5,209241254.2,214707691.9,216910068.3,229647313,243210273.7,263902389.6,277746440.6,289303382.6,
Europe & Central Asia (IDA & IBRD countries),TEC,"International tourism, number of arrivals",ST.INT.ARVL,,,,,,,,,,,,,,,,,,,,,,,,,,,,,,,,,,,,141452639.4,156351361.5,173871471.9,169992303.3,174008092.9,184862369.9,166844138.8,163549726.4,169868970.5,192195339,204414781.8,210109526.3,233602508.8,236606006,217957081.6,227815284.3,244613637.3,258162825.9,273230051.7,267358702.8,278093946.3,273990187.6,294363738.8,314522981.2,331270663.5,
Togo,TGO,"International tourism, number of arrivals",ST.INT.ARVL,,,,,,,,,,,,,,,,,,,,,,,,,,,,,,,,,,,,53000,58000,92000,69000,70000,60000,57000,58000,61000,83000,81000,94000,86000,74000,150000,202000,300000,235000,327000,282000,273000,338000,514000,573000,876000,
Thailand,THA,"International tourism, number of arrivals",ST.INT.ARVL,,,,,,,,,,,,,,,,,,,,,,,,,,,,,,,,,,,,6952000,7244000,7294000,7843000,8651000,9579000,10133000,10873000,10082000,11737000,11567000,13822000,14464000,14584000,14150000,15936000,19230000,22354000,26547000,24810000,29923000,32530000,35592000,38178000,39916000,
Tajikistan,TJK,"International tourism, number of arrivals",ST.INT.ARVL,,,,,,,,,,,,,,,,,,,,,,,,,,,,,,,,,,,,,699.9999881,2099.999905,3200.000048,4500,7699.999809,5199.999809,,,,,,,325000,207000,160000,183000,244000,208000,213000,414000,344000,431000,1035000,,
Turkmenistan,TKM,"International tourism, number of arrivals",ST.INT.ARVL,,,,,,,,,,,,,,,,,,,,,,,,,,,,,,,,,,,,233000,282000,332000,380000,,,,,,,,,,,,,,,,,,,,,,
Latin America & the Caribbean (IDA & IBRD countries),TLA,"International tourism, number of arrivals",ST.INT.ARVL,,,,,,,,,,,,,,,,,,,,,,,,,,,,,,,,,,,,125292600.9,128668397.1,130965953.5,135049219.1,137308046.8,142004691.9,135754875.4,133102339.9,127305056.4,138679012.3,145124920,142663119.8,141496729.3,142505000,136672000,134206000,131390000,134737000,137445000,144459600,154385000,165767000,175407000,173716175.3,172906908.8,
Timor-Leste,TLS,"International tourism, number of arrivals",ST.INT.ARVL,,,,,,,,,,,,,,,,,,,,,,,,,,,,,,,,,,,,,,,,,,,,,,,14000,22000,36000,44000,40000,51000,58000,79000,60000,61599.99847,65599.99847,73900.00153,74599.99847,74800.00305,
Middle East & North Africa (IDA & IBRD countries),TMN,"International tourism, number of arrivals",ST.INT.ARVL,,,,,,,,,,,,,,,,,,,,,,,,,,,,,,,,,,,,18957495.03,19272934.24,19822441.41,20668300.71,23496203.23,25260352.3,25694834.66,29005200.36,30616213.37,37481383.58,38825101.66,41847711.49,44317594.8,49987985.42,52881360.79,62330979.54,49760591.12,52850865.71,51259297.89,51336211.47,46750239.07,42138717.69,49408200.51,59850935.77,66910597.29,
Tonga,TON,"International tourism, number of arrivals",ST.INT.ARVL,,,,,,,,,,,,,,,,,,,,,,,,,,,,,,,,,,,,33000,31000,29000,35000,44000,43000,38000,45000,51000,51000,60000,54000,65000,65000,74699.99695,65000,68400.00153,57200.00076,59700.00076,65800.00305,72599.99847,86699.99695,86599.99847,77300.00305,94000,
South Asia (IDA & IBRD),TSA,"International tourism, number of arrivals",ST.INT.ARVL,,,,,,,,,,,,,,,,,,,,,,,,,,,,,,,,,,,,3820368.619,3943888.579,4180143.398,4309157.657,4559453.46,4872221.467,4547447.402,4386891.801,5049972.186,6174166.627,6488969.56,7363682.167,8167172.393,8455114.312,8156997.767,9181582.618,10516493.57,10889902.34,11772323.31,19050898.28,19383064.35,21438691.39,23053667.15,25882111.54,26260132.18,
Sub-Saharan Africa (IDA & IBRD countries),TSS,"International tourism, number of arrivals",ST.INT.ARVL,,,,,,,,,,,,,,,,,,,,,,,,,,,,,,,,,,,,14235097.97,16095057.4,16679126.21,17804421.37,19167050.16,19460489.22,20392464.7,22025446.39,22784830.14,24546596.5,26204878.32,29578662.6,34451210.79,35516939.18,36477625.67,40085379.62,40255802.45,42687021.43,44195478.78,45956219.45,48394851.16,50612066.65,52268614.25,56031020.83,55251253.91,
Trinidad and Tobago,TTO,"International tourism, number of arrivals",ST.INT.ARVL,,,,,,,,,,,,,,,,,,,,,,,,,,,,,,,,,,,,282000,317000,360000,377000,421000,503000,468000,451000,474000,501000,529000,534000,531000,482000,534000,490000,491000,504000,467000,455000,519000,492000,465000,501000,480000,
Tunisia,TUN,"International tourism, number of arrivals",ST.INT.ARVL,,,,,,,,,,,,,,,,,,,,,,,,,,,,,,,,,,,,4120000,3885000,4263000,4718000,4832000,5058000,5387000,5064000,5114000,5998000,6378000,6550000,6762000,7050000,7797000,7828000,5746000,6999000,7352000,7163000,5359000,5724000,7052000,8299000,9429000,
Turkey,TUR,"International tourism, number of arrivals",ST.INT.ARVL,,,,,,,,,,,,,,,,,,,,,,,,,,,,,,,,,,,,7727000,8614000,9689000,9753000,7487000,10428000,11619000,13256000,14030000,17517000,21125000,19820000,27215000,31138000,31760000,32997000,36769000,37715000,39861000,41627000,41114000,30907000,37970000,46113000,51747000,
Tuvalu,TUV,"International tourism, number of arrivals",ST.INT.ARVL,,,,,,,,,,,,,,,,,,,,,,,,,,,,,,,,,,,,899.9999762,1000,1000,1000,1100.000024,1100.000024,1100.000024,1299.999952,1399.999976,1299.999952,1100.000024,1100.000024,1100.000024,1700.000048,1600.000024,1700.000048,1200.000048,1100.000024,1299.999952,1399.999976,2400.000095,2500,2500,2700.000048,,
Tanzania,TZA,"International tourism, number of arrivals",ST.INT.ARVL,,,,,,,,,,,,,,,,,,,,,,,,,,,,,,,,,,,,295000,326000,360000,482000,627000,501000,525000,575000,576000,583000,613000,644000,719000,770000,714000,783000,868000,1077000,1096000,1140000,1137000,1284000,1327000,1506000,1527000,
Uganda,UGA,"International tourism, number of arrivals",ST.INT.ARVL,,,,,,,,,,,,,,,,,,,,,,,,,,,,,,,,,,,,160000,174000,175000,195000,189000,193000,205000,254000,305000,512000,468000,539000,642000,844000,807000,946000,1151000,1197000,1206000,1266000,1303000,1323000,1402000,,,
Ukraine,UKR,"International tourism, number of arrivals",ST.INT.ARVL,,,,,,,,,,,,,,,,,,,,,,,,,,,,,,,,,,,,6127000,6750000,14743000,12003000,10990000,11691000,11877000,12793000,15161000,18583000,20489000,21714000,26162000,28827000,24033000,24114000,24535000,25061000,26025000,13227000,13025000,13734000,14579000,14342000,13710000,
Upper middle income,UMC,"International tourism, number of arrivals",ST.INT.ARVL,,,,,,,,,,,,,,,,,,,,,,,,,,,,,,,,,,,,222685942.4,237402934.7,248457535.7,256258659.9,272594556.9,297518179.2,303357944.1,319361165.8,303763404.9,346556254.2,372307746.9,380903625.7,400884688.1,409024314.1,399332250.4,416456037.1,428175266.1,439896206.3,452752878,462612120.1,481301364.3,494886253.3,531571433.6,557075998,574513271.5,
Uruguay,URY,"International tourism, number of arrivals",ST.INT.ARVL,,,,,,,,,,,,,,,,,,,,,,,,,,,,,,,,,,,,2177000,2258000,2463000,2324000,2273000,2236000,2136000,1354000,1508000,1871000,1917000,1824000,1815000,2255000,2303000,2708000,3244000,3155000,3242000,3195000,3286000,3632000,4219000,3954000,3480000,
United States,USA,"International tourism, number of arrivals",ST.INT.ARVL,,,,,,,,,,,,,,,,,,,,,,,,,,,,,,,,,,,,79732000,82756000,82525000,74767000,75796000,78343000,70975000,64434000,62082000,67606000,71484000,183178000,175299000,175703000,160508000,162275000,147271421.9,171629890.6,179309906.3,178311359.4,176864531.3,175261484.4,174291750,169324921.9,166009000,
Uzbekistan,UZB,"International tourism, number of arrivals",ST.INT.ARVL,,,,,,,,,,,,,,,,,,,,,,,,,,,,,,,,,,,,92000,173000,960000,811000,487000,302000,345000,332000,231000,262000,242000,560000,903000,1069000,1215000,975000,1393000,1895000,1969000,1862000,1918000,2027000,2690000,5346000,6749000,
St. Vincent and the Grenadines,VCT,"International tourism, number of arrivals",ST.INT.ARVL,,,,,,,,,,,,,,,,,,,,,,,,,,,,,,,,,,,,218000,216000,200000,202000,223000,256000,254000,247000,242000,262000,256000,306000,328000,250000,271000,231000,208000,200000,200000,205000,207000,227000,303000,356000,392000,
"Venezuela, RB",VEN,"International tourism, number of arrivals",ST.INT.ARVL,,,,,,,,,,,,,,,,,,,,,,,,,,,,,,,,,,,,879000,960000,933000,813000,702000,602000,792000,590000,435000,618000,846000,883000,898000,702000,567000,535000,625000,1061000,1085000,967000,882000,681000,429000,,,
British Virgin Islands,VGB,"International tourism, number of arrivals",ST.INT.ARVL,,,,,,,,,,,,,,,,,,,,,,,,,,,,,,,,,,,,219000,244000,244000,279000,284000,272000,296000,282000,278000,304000,337000,356000,358000,346000,309000,330000,338000,351000,366000,386000,393000,408000,335000,192000,302399.9939,
Virgin Islands (U.S.),VIR,"International tourism, number of arrivals",ST.INT.ARVL,,,,,,,,,,,,,,,,,,,,,,,,,,,,,,,,,,,,1741000,1779000,2128000,2139000,1964000,2396000,2497000,2337000,2395000,2620000,2602000,2571000,2606000,2435000,2245000,2531000,2686000,2640000,2702000,2814000,2643000,2574000,1954000,1922000,2074000,
Vietnam,VNM,"International tourism, number of arrivals",ST.INT.ARVL,,,,,,,,,,,,,,,,,,,,,,,,,,,,,,,,,,,,1351000,1607000,1716000,1520000,1782000,2140000,2330000,2628000,2429000,2928000,3477000,3583000,4229000,4236000,3747000,5050000,6014000,6848000,7572000,7874000,7944000,10013000,12922000,15498000,18009000,
Vanuatu,VUT,"International tourism, number of arrivals",ST.INT.ARVL,,,,,,,,,,,,,,,,,,,,,,,,,,,,,,,,,,,,82000,103000,81000,78000,96000,106000,106000,99000,102000,99000,126000,154000,167000,196600.0061,225500,237699.9969,248899.9939,321000,357000,329000,287000,351000,333000,350000,256000,
World,WLD,"International tourism, number of arrivals",ST.INT.ARVL,,,,,,,,,,,,,,,,,,,,,,,,,,,,,,,,,,,,1024978555,1082485814,1130316284,1145611856,1188191668,1262413175,1231351665,1252354516,1234392131,1363541435,1426061329,1598479480,1652012904,1662875511,1602438547,1667618834,1700643829,1784601425,1852336696,1909106952,1966289744,2031531035,2135215495,2221458981,2280131088,
Samoa,WSM,"International tourism, number of arrivals",ST.INT.ARVL,,,,,,,,,,,,,,,,,,,,,,,,,,,,,,,,,,,,,,,,,,,,,,,116000,122000,122000,129000,130000,128000,135000,125000,132000,139000,146000,158000,172000,181000,
Kosovo,XKX,"International tourism, number of arrivals",ST.INT.ARVL,,,,,,,,,,,,,,,,,,,,,,,,,,,,,,,,,,,,,,,,,,,,,,,,,,,,,,,,,,,,,
"Yemen, Rep.",YEM,"International tourism, number of arrivals",ST.INT.ARVL,,,,,,,,,,,,,,,,,,,,,,,,,,,,,,,,,,,,,,,,,,,,,,,,,,,1035000,1175000,1282000,1323000,1218000,398000,,,,,
South Africa,ZAF,"International tourism, number of arrivals",ST.INT.ARVL,,,,,,,,,,,,,,,,,,,,,,,,,,,,,,,,,,,,4684000,5186000,5170000,5898000,6026000,6001000,5908000,6550000,6640000,6815000,7518000,8509000,9208000,9729000,9532000,11303000,12097000,13069000,14318000,14530000,13952000,15121000,14975000,15004000,14797000,
Zambia,ZMB,"International tourism, number of arrivals",ST.INT.ARVL,,,,,,,,,,,,,,,,,,,,,,,,,,,,,,,,,,,,163000,264000,341000,362000,404000,457000,492000,565000,413000,515000,669000,757000,897000,812000,710000,815000,920000,859000,915000,947000,932000,956000,1009000,1072000,1266000,
Zimbabwe,ZWE,"International tourism, number of arrivals",ST.INT.ARVL,,,,,,,,,,,,,,,,,,,,,,,,,,,,,,,,,,,,1416000,1597000,1336000,2090000,2250000,1967000,2217000,2041000,2256000,1854000,1559000,2287000,2506000,1956000,2017000,2239000,2423000,1794000,1833000,1880000,2057000,2168000,2423000,2580000,2294000,
